cpu_avg,cpu_max,cpu_min,cpu_std,cpu_trend,cpu_range,cpu_variance,memory_avg,memory_max,memory_min,memory_std,memory_range,memory_trend,disk_avg,disk_max,disk_min,disk_std,disk_range,disk_trend,network_in_avg,network_out_avg,network_in_std,network_out_std,process_avg,process_max,process_min,process_std,running_process_avg,thread_avg,crash_label
37.89833333333333,61.7,18.1,11.856350535582141,0.07794109474854125,43.6,140.57304802259893,71.80333333333333,72.5,71.3,0.295139534174546,1.2000000000000028,-0.008507918866351667,4.1,4.1,4.1,0.0,0.0,0.0,3321079927.4666667,2873023778.133333,4454912.920423495,4014993.2435969384,730.6,733.0,718.0,4.727130494482293,357.6,2059.0,1
32.40833333333333,55.7,19.7,10.117048736723717,-0.43816337871631006,36.0,102.35467514124296,71.825,72.5,71.3,0.33018998126656257,1.2000000000000028,0.005643234231730969,4.1,4.1,4.1,0.0,0.0,0.0,3330066841.6,2881207654.4,4276043.451269977,3920715.7068595993,722.6666666666666,733.0,718.0,6.010348890481378,349.6666666666667,2036.1166666666666,1
23.313333333333336,29.4,18.0,2.6843215010322354,-0.09484856904695747,11.399999999999999,7.205581920903954,71.75833333333331,72.5,71.2,0.3341022205632723,1.2999999999999972,-0.00848291191997767,4.1,4.1,4.1,0.0,0.0,0.0,3338560904.5333333,2888896989.866667,4244266.9190401165,3805124.9280315046,719.5833333333334,720.0,718.0,0.5301636033600228,346.5833333333333,2029.7833333333333,1
25.080000000000002,50.8,18.0,7.272161919474211,0.12333425951653237,32.8,52.88433898305084,71.89500000000001,72.8,71.2,0.36611797672520147,1.5999999999999943,0.01455682133926085,4.1,4.1,4.1,0.0,0.0,0.0,3347404185.6,2896939758.9333334,4353677.481615211,4020833.1040488677,719.0,720.0,718.0,0.7811334658849433,346.0,2028.8833333333334,1
28.52333333333333,50.8,18.9,8.649372793302074,-0.17023061961656014,31.9,74.81164971751411,72.12999999999997,72.8,71.7,0.3351195081545726,1.0999999999999943,0.007524312308974758,4.1,4.1,4.1,0.0,0.0,0.0,3356052241.0666666,2905020228.266667,4275496.532411588,4021629.016885326,719.3833333333333,721.0,718.0,0.8252717408997374,346.3833333333333,2039.6,0
23.285,43.5,18.9,4.509606506942444,-0.10129758266185047,24.6,20.336550847457634,72.01,72.8,71.5,0.3771885290417492,1.2999999999999972,-0.0130313976104474,4.1,4.1,4.1,0.0,0.0,0.0,3364518434.133333,2912863812.266667,4154684.8180305334,3786354.756255768,719.1833333333333,721.0,718.0,0.8334463200240204,346.18333333333334,2027.4166666666667,0
24.368333333333332,49.0,18.3,7.965359146183154,-0.014801333703806601,30.7,63.44694632768363,71.86666666666669,72.6,71.5,0.26532146582210125,1.0999999999999943,0.008752431230897487,4.1,4.1,4.1,0.0,0.0,0.0,3373495415.4666667,2921112797.866667,4289903.924977371,3969177.594751855,718.1166666666667,720.0,717.0,0.8455600223594002,345.1166666666667,2004.7166666666667,0
22.345000000000002,32.8,17.2,4.030284718882059,0.05892470130591831,15.599999999999998,16.243194915254232,71.96999999999998,72.6,71.6,0.31638851893716685,1.0,-0.0019560989163656833,4.1,4.1,4.1,0.0,0.0,0.0,3381901397.3333335,2928872857.6,4102370.1853695055,3764069.5129804285,718.1666666666666,719.0,717.0,0.7170246117012378,345.1666666666667,2009.75,0
25.401666666666667,41.7,17.2,6.714252275258891,0.11276743539872189,24.500000000000004,45.0811836158192,71.92999999999998,72.8,71.6,0.31745812482428143,1.2000000000000028,0.0005501528202278884,4.1,4.1,4.1,0.0,0.0,0.0,3390416810.6666665,2936702941.866667,4187845.685817279,3872774.709088411,719.1666666666666,720.0,718.0,0.492887262066433,346.1666666666667,2030.1166666666666,0
28.88333333333333,49.0,19.3,8.512665870688728,0.11744929146985274,29.7,72.46548022598868,71.99166666666669,72.8,71.5,0.36559293222161027,1.2999999999999972,-0.0005195887746596451,4.1,4.1,4.1,0.0,0.0,0.0,3398908228.266667,2944641194.6666665,4249716.954336996,3995770.6246143994,719.3,721.0,718.0,0.9075950713612994,346.3,2032.8333333333333,0
22.868333333333332,42.8,16.9,7.481332512206103,-0.2543956654626285,25.9,55.97033615819208,71.87333333333332,72.8,71.6,0.3041334824402647,1.2000000000000028,-0.011553209224784635,4.1,4.1,4.1,0.0,0.0,0.0,3407367560.5333333,2952611328.0,4194778.634550142,3942369.469219224,718.1666666666666,721.0,717.0,1.0603272067200455,345.1666666666667,2012.7833333333333,0
17.768333333333334,21.7,16.8,0.9937928827403177,0.009427618782995275,4.899999999999999,0.9876242937853109,71.75166666666668,72.0,71.6,0.10655096125626021,0.4000000000000057,0.0035426507363157276,4.1,4.1,4.1,0.0,0.0,0.0,3416044202.6666665,2960620288.0,4249366.134576423,3856527.9078795514,717.45,718.0,717.0,0.501692052213544,344.45,1989.9,0
19.16,44.2,16.8,4.904173248799158,0.023223117532647962,27.400000000000002,24.05091525423729,71.90666666666665,72.1,71.7,0.10555208637375624,0.3999999999999915,0.003445401500416812,4.1,4.1,4.1,0.0,0.0,0.0,3424480238.9333334,2968298632.5333333,4184531.0910101472,3816886.6089222175,718.5833333333334,720.0,717.0,1.029919639232516,345.5833333333333,2037.6,0
20.235000000000003,25.5,16.7,2.740581714817717,0.07642956376771325,8.8,7.51078813559322,71.90333333333336,72.1,70.6,0.30696252002576074,1.5,-0.005646012781328231,4.1,4.1,4.1,0.0,0.0,0.0,3433181440.0,2976126395.733333,4294428.469971556,3804927.3858823855,719.45,720.0,719.0,0.501692052213544,346.45,2056.4333333333334,0
26.588333333333328,40.3,19.7,6.152499606861376,0.11705751597666018,20.599999999999998,37.85325141242939,71.28,72.1,70.5,0.5999435001646671,1.5999999999999943,-0.02707974437343712,4.1,4.1,4.1,0.0,0.0,0.0,3441838609.0666666,2983624567.4666667,4344433.596994547,3592701.6012429902,718.55,720.0,717.0,1.1111911458933896,345.55,2031.2166666666667,0
27.240000000000002,40.0,19.9,5.3829674885745735,-0.048191164212281194,20.1,28.97633898305085,70.92999999999998,71.5,70.6,0.3104398192177245,0.9000000000000057,0.004223395387607727,4.1,4.1,4.1,0.0,0.0,0.0,3450587682.133333,2988223556.266667,4181111.232519759,983020.3634950265,718.0666666666667,719.0,717.0,0.6604227374117244,345.06666666666666,1999.5333333333333,0
27.29333333333333,37.2,18.4,4.949982594274027,-0.017149208113364824,18.800000000000004,24.502327683615828,71.21499999999999,71.7,70.0,0.33487918388071,1.7000000000000028,0.0062322867463184195,4.1,4.1,4.1,0.0,0.0,0.0,3458935876.266667,2989783261.866667,4202265.164272958,767680.9569600957,719.1666666666666,720.0,718.0,0.7402854847084714,346.1666666666667,2006.15,0
40.75166666666666,60.8,18.4,14.682913991331423,0.7701389274798555,42.4,215.5879632768361,71.21333333333334,71.7,70.0,0.3567587926851862,1.7000000000000028,-0.0019449847179772292,4.1,4.1,4.1,0.0,0.0,0.0,3529873425.0666666,2993074346.6666665,77356620.68534765,2905555.701767398,716.8,721.0,709.0,4.402618635250801,347.65,2088.516666666667,0
48.98666666666667,60.8,28.7,11.222215658852102,-0.2883856626840789,32.099999999999994,125.93812429378534,71.87666666666668,73.6,70.7,0.7902727841994354,2.8999999999999915,0.040861350375104175,4.1,4.1,4.1,0.0,0.0,0.0,3638582886.4,3000252074.6666665,37423392.56830623,4365822.959057811,712.8833333333333,720.0,709.0,4.059271315866828,347.9,2129.4166666666665,0
45.59666666666666,59.8,28.7,9.427995934695389,0.12520144484579054,31.099999999999998,88.88710734463277,73.39666666666666,74.7,72.5,0.8132309836500089,2.200000000000003,0.03286468463462075,4.1,4.1,4.1,0.0,0.0,0.0,3701799492.266667,3009093700.266667,36556913.87436257,4617669.338892218,710.7,719.0,709.0,2.437698275290839,345.4,2061.633333333333,0
49.84166666666667,60.0,37.7,7.120566813913934,0.08818282856348984,22.299999999999997,50.702471751412425,74.52333333333331,75.4,72.9,0.8093451352930957,2.5,0.03420394554042796,4.1,4.1,4.1,0.0,0.0,0.0,3743224661.3333335,3016951773.866667,9720614.728773754,4744873.209705374,712.4166666666666,715.0,709.0,2.631566309812058,344.96666666666664,2052.95,0
51.57166666666667,60.0,37.7,6.937544421397968,-0.12536537927202,22.299999999999997,48.12952259887006,75.36833333333333,75.6,74.5,0.2658479664073753,1.0999999999999943,0.011300361211447478,4.1,4.1,4.1,0.0,0.0,0.0,3761596262.4,3025559074.133333,10330014.260288429,4633181.889066924,713.1833333333333,715.0,707.0,2.2207928548054188,344.45,2042.7666666666667,0
43.153333333333336,59.7,29.0,9.475990474891054,-0.39723256460127815,30.700000000000003,89.79439548022599,75.57333333333335,75.6,75.4,0.06069279874259071,0.19999999999998863,0.0014281744929146173,4.1,4.1,4.1,0.0,0.0,0.0,3777550438.4,3034345233.0666666,5835391.489632438,4154152.1291468595,709.7,714.0,707.0,2.32379000772445,343.3,2023.0166666666667,0
40.013333333333335,60.0,29.0,7.748974052741207,0.20179494303973325,31.0,60.04659887005649,75.49499999999998,75.6,74.0,0.271483682438756,1.5999999999999943,-0.007888302306196047,4.1,4.1,4.1,0.0,0.0,0.0,3787450965.3333335,3041569979.733333,9063838.420599705,4022361.445204292,708.3166666666667,709.0,707.0,0.6507275372101721,343.31666666666666,2012.4666666666667,0
46.82333333333333,60.0,31.3,8.800315222910987,0.1577938316198944,28.7,77.44554802259886,75.11333333333336,75.6,74.0,0.40816524846745106,1.5999999999999943,-0.01693248124479021,4.1,4.1,4.1,0.0,0.0,0.0,3827742412.8,3048997546.6666665,38633632.93273938,4806308.893472818,708.9,711.0,707.0,1.1153778716695835,343.7,2024.3833333333334,0
51.74166666666666,60.0,32.0,8.909208560536745,0.05964156710197278,28.0,79.37399717514123,74.77166666666666,75.1,74.0,0.1841992902567037,1.0999999999999943,-2.50069463740032e-05,4.1,4.1,4.1,0.0,0.0,0.0,3880737826.133333,3056197546.6666665,29021516.4188951,4472974.517793219,709.2333333333333,711.0,708.0,0.9273009250775701,343.96666666666664,2032.0666666666666,0
52.441666666666656,60.0,33.9,6.6690098283324994,-0.11552375659905527,26.1,44.475692090395476,74.74499999999999,75.1,74.5,0.1407305394921903,0.5999999999999943,-0.002759099749930525,4.1,4.1,4.1,0.0,0.0,0.0,3915524334.9333334,3064052377.6,10546640.690030184,4423147.931643052,708.2333333333333,710.0,706.0,1.1551897146513026,343.1666666666667,2024.0333333333333,0
52.208333333333336,59.8,38.3,5.287506594672064,0.0010086135037510185,21.5,27.95772598870057,74.86833333333333,75.2,74.6,0.19700440214187276,0.6000000000000085,0.010650180605723788,4.1,4.1,4.1,0.0,0.0,0.0,3931917124.266667,3070976563.2,11396126.959596861,4481331.491770648,707.3833333333333,709.0,706.0,1.1511477936989034,342.25,2013.0333333333333,0
49.31833333333332,59.8,34.6,7.463958409667281,-0.1454320644623506,25.199999999999996,55.71067514124294,75.045,75.2,74.8,0.09099264265284736,0.4000000000000057,6.390664073353307e-05,4.1,4.1,4.1,0.0,0.0,0.0,3953463091.2,3079042560.0,13163027.867157025,4335270.816775474,707.75,709.0,706.0,1.1293465937494827,342.55,2005.7333333333333,0
47.538333333333334,59.7,34.6,6.6696146730531325,0.12001944984717973,25.1,44.48375988700565,75.08166666666668,75.5,74.9,0.13960193610753177,0.5999999999999943,0.003098082800778047,4.1,4.1,4.1,0.0,0.0,0.0,3970793369.6,3086416298.6666665,7692070.661242561,4574387.85704109,708.6,710.0,707.0,0.693798192706921,343.43333333333334,2006.75,0
50.919999999999995,60.0,33.1,6.360998748997343,0.13754931925534866,26.9,40.462305084745765,75.26,75.7,74.9,0.23448464949215256,0.7999999999999972,0.011286468463462089,4.1,4.1,4.1,0.0,0.0,0.0,3981717452.8,3093338606.9333334,7200963.914081533,4705550.197068491,708.8166666666667,711.0,708.0,0.9295828600965654,343.55,2042.15,0
54.46000000000001,60.0,33.1,5.5820292768363045,0.1358821894970825,26.9,31.159050847457635,75.49666666666668,75.7,75.1,0.15290039592311744,0.6000000000000085,0.005473742706307209,4.1,4.1,4.1,0.0,0.0,0.0,3992066850.133333,3100451037.866667,6570384.280881524,4533352.473869617,708.8333333333334,711.0,708.0,0.8668404866978302,343.73333333333335,2054.1,0
53.79666666666665,60.0,39.6,4.871221844659408,-0.11416504584606833,20.4,23.728802259887008,75.63666666666667,75.8,75.3,0.10078785685982097,0.5,0.002956376771325447,4.1,4.1,4.1,0.0,0.0,0.0,4003086438.4,3108582075.733333,5501381.344308932,4376216.239424972,709.8666666666667,713.0,708.0,1.6204902654952826,344.8666666666667,2027.9666666666667,0
51.76166666666668,59.7,39.9,4.8233222837694925,-0.02667685468185611,19.800000000000004,23.264437853107356,75.69000000000003,75.8,75.5,0.07745966692414956,0.29999999999999716,-0.00031675465407065705,4.1,4.1,4.1,0.0,0.0,0.0,4014313540.266667,3116231628.8,6835691.50588191,4247526.277430573,714.8333333333334,720.0,710.0,3.88463582337212,349.8333333333333,2036.2666666666667,0
53.74833333333333,60.0,41.3,5.184052850309521,0.09550152820227839,18.700000000000003,26.87440395480227,75.765,76.2,75.1,0.23922544504989918,1.1000000000000085,0.001969991664351263,4.1,4.1,4.1,0.0,0.0,0.0,4028888541.866667,3123231334.4,10043579.97152785,4427224.140889582,714.9833333333333,720.0,707.0,4.473998956936251,349.98333333333335,2042.25,0
55.66166666666667,60.0,41.3,4.186017551068451,0.06580994720755766,18.700000000000003,17.522742937853113,75.33333333333334,76.2,74.4,0.6451032414198483,1.7999999999999972,-0.03177549319255347,4.1,4.1,4.1,0.0,0.0,0.0,4041296657.0666666,3129698167.4666667,7516551.508815661,4310347.992987595,710.55,718.0,707.0,3.950648949051797,345.3833333333333,2027.3666666666666,0
55.83166666666667,60.0,47.0,3.3866383345494024,-0.02677688246735204,13.0,11.46931920903955,74.74333333333334,75.5,74.4,0.24999435021864594,1.0999999999999943,-0.004879133092525724,4.1,4.1,4.1,0.0,0.0,0.0,4051983513.6,3136961706.6666665,6114383.519140918,4474451.6421074495,708.35,710.0,707.0,1.1020012611884875,343.18333333333334,2002.2833333333333,0
55.02166666666667,60.0,42.3,4.306640189000484,-0.029983328702417364,17.700000000000003,18.547149717514127,74.83666666666666,75.2,74.6,0.19568797947430247,0.6000000000000085,0.007029730480689156,4.1,4.1,4.1,0.0,0.0,0.0,4061494323.2,3144042052.266667,6092349.059931806,4651169.8076902125,709.2,710.0,708.0,0.7546466228796952,344.2,2005.15,0
52.684999999999995,60.0,35.4,6.383289227031172,-0.14044734648513466,24.6,40.74638135593222,74.90166666666667,75.2,74.7,0.16415336634871597,0.5,-0.0009030286190609275,4.1,4.1,4.1,0.0,0.0,0.0,4071692953.6,3151898112.0,6182243.202292244,4766835.416483976,708.95,710.0,707.0,1.2132740408931055,343.95,2003.5333333333333,0
53.35,59.9,35.4,6.618630612629828,0.11018060572381215,24.5,43.80627118644069,75.04833333333336,75.5,74.7,0.23469537895739404,0.7999999999999972,0.007677132536815763,4.1,4.1,4.1,0.0,0.0,0.0,4080860364.8,3158684501.3333335,6158344.9890618855,4386595.679328139,708.1166666666667,710.0,707.0,1.2363377667313766,343.1166666666667,2002.1833333333334,0
45.74333333333333,59.9,18.4,11.484408984249653,-0.4240511253125868,41.5,131.89164971751413,73.57000000000001,75.5,70.5,1.7552149899704446,5.0,-0.07799944429008056,4.1,4.1,4.1,0.0,0.0,0.0,4095916288.0,3166048665.6,8857497.735096926,2701031.916788936,708.6666666666666,710.0,707.0,1.0523044392039607,343.6,2010.9333333333334,0
36.87833333333334,50.1,18.4,7.258451337524351,0.03190052792442345,31.700000000000003,52.68511581920903,72.195,72.8,70.7,0.44471472478508955,2.0999999999999943,0.012828563489858287,4.1,4.1,4.1,0.0,0.0,0.0,4107325269.3333335,3169009971.2,2539839.932025149,575038.2778412852,709.5333333333333,710.0,709.0,0.5030977485864634,344.46666666666664,2022.0833333333333,0
37.82166666666665,42.7,27.6,3.7581140089085645,0.07948596832453453,15.100000000000001,14.123420903954802,72.33999999999999,72.6,72.2,0.08067511745433881,0.3999999999999915,-0.0006612948041122829,4.1,4.1,4.1,0.0,0.0,0.0,4109528046.9333334,3169929028.266667,711739.2821905225,389807.30413302046,708.85,710.0,707.0,1.435919359427841,343.85,2012.8,0
41.65333333333333,47.4,37.0,2.7455027428022114,0.09960544595721037,10.399999999999999,7.537785310734465,72.56833333333334,72.9,72.2,0.24180932862987292,0.7000000000000028,0.012178382884134524,4.1,4.1,4.1,0.0,0.0,0.0,4112271189.3333335,3170781730.133333,3564131.5903517473,480051.16248433164,707.85,710.0,707.0,0.9884931178656717,342.85,1994.5,0
42.053333333333335,47.4,37.9,2.3138101724480973,-0.024806890803000838,9.5,5.353717514124294,72.78333333333332,72.9,72.4,0.11955661968596543,0.5,-0.002156154487357628,4.1,4.1,4.1,0.0,0.0,0.0,4128192887.4666667,3171705139.2,11852885.760436334,430199.9995302461,709.0833333333334,710.0,708.0,0.5612234416098719,344.0833333333333,1999.8,0
41.05499999999999,44.7,37.0,1.8927538004591464,0.000580716865796072,7.700000000000003,3.5825169491525424,72.63500000000002,72.9,72.4,0.14121146542013335,0.5,-0.003914976382328518,4.1,4.1,4.1,0.0,0.0,0.0,4139128558.9333334,3172440866.133333,722309.1201689548,325256.01563594746,709.3666666666667,710.0,709.0,0.48596110141697085,344.3666666666667,1980.7333333333333,0
40.42666666666667,45.0,37.0,2.0036294750892267,-0.02661294804112257,8.0,4.014531073446331,72.56666666666668,72.7,72.5,0.060131682240225026,0.20000000000000284,-0.0006223951097526911,4.1,4.1,4.1,0.0,0.0,0.0,4141609045.3333335,3173168469.3333335,1852277.2508836542,389315.0987560236,708.85,710.0,707.0,1.3756354463868443,343.85,1975.6833333333334,0
41.08833333333333,48.3,36.4,2.888498035996355,0.06676021116976937,11.899999999999999,8.3434209039548,72.62333333333332,72.8,72.5,0.09454021952240621,0.29999999999999716,0.003284245623784427,4.1,4.1,4.1,0.0,0.0,0.0,4144395212.8,3173901875.2,871043.3901068537,355934.6359317839,707.6333333333333,710.0,707.0,0.8629210672834347,342.6333333333333,1967.7,0
41.91333333333333,48.3,38.7,2.5362100823711153,-0.07621561544873573,9.599999999999994,6.4323615819209,72.76833333333333,73.0,72.5,0.11570222836971567,0.5,0.003698249513753889,4.1,4.1,4.1,0.0,0.0,0.0,4145941009.0666666,3174595396.266667,707092.4627794592,319561.6703125465,708.8833333333333,710.0,707.0,0.9404590777041594,343.8833333333333,1975.3333333333333,0
40.95333333333335,46.9,36.1,2.103223246019991,0.006601833842734074,10.799999999999997,4.423548022598868,72.92166666666667,73.2,72.6,0.16579716693891933,0.6000000000000085,0.005237565990552904,4.1,4.1,4.1,0.0,0.0,0.0,4147747993.6,3175335321.6,1187450.05330524,423588.87339123327,709.5666666666667,710.0,709.0,0.49971743428090826,344.56666666666666,1980.9333333333334,0
41.48500000000001,49.9,35.2,2.386176645399675,0.005426507363156453,14.699999999999996,5.693838983050846,73.03666666666669,73.2,72.9,0.10078785685981696,0.29999999999999716,-0.0008557932759100732,4.1,4.1,4.1,0.0,0.0,0.0,4155832661.3333335,3176198058.6666665,9410497.814314125,424812.2938185106,708.65,710.0,706.0,1.7352282124125753,343.65,1996.3,0
41.68833333333332,49.9,39.4,2.085388364973863,-0.03714642956376773,10.5,4.348844632768362,73.11999999999999,73.5,72.9,0.1272925364289213,0.5999999999999943,0.005573770491803258,4.1,4.1,4.1,0.0,0.0,0.0,4170661273.6,3176965461.3333335,7223827.005083651,339186.69516172726,706.75,710.0,706.0,0.7945790912196153,341.75,1984.8166666666666,0
45.211666666666666,62.7,39.4,6.905048304711235,0.24967768824673517,23.300000000000004,47.67969209039549,73.48166666666665,76.4,72.1,1.1928447221132554,4.300000000000011,0.02406501806057243,4.1,4.1,4.1,0.0,0.0,0.0,4175649314.133333,3177657668.266667,775406.4747893212,402171.620576946,708.2833333333333,711.0,706.0,1.354110711577543,343.0833333333333,2047.0,0
49.714999999999996,65.5,39.7,8.374412703920989,-0.050833564879133084,25.799999999999997,70.13078813559325,73.05833333333332,76.4,72.0,1.376841345397313,4.400000000000006,-0.03881911642122813,4.1,4.1,4.1,0.0,0.0,0.0,4177322547.2,3178523545.6,987461.8097107934,503070.1041339356,707.1,711.0,704.0,2.5953021443252,344.31666666666666,2103.4166666666665,0
43.43333333333332,65.5,35.9,5.889020714155403,-0.23479299805501522,29.6,34.68056497175141,72.49499999999999,72.9,72.0,0.27581927268855105,0.9000000000000057,0.013362045012503486,4.1,4.1,4.1,0.0,0.0,0.0,4182817194.6666665,3179542784.0,4349441.45841564,470515.46919003484,703.5833333333334,705.0,701.0,1.3813732625165005,343.5833333333333,1982.2833333333333,0
41.12833333333334,49.3,35.9,2.6603231399661857,0.039347040844679035,13.399999999999999,7.077319209039547,72.82666666666664,73.3,72.6,0.13259683595001479,0.7000000000000028,0.004667963323145385,4.1,4.1,4.1,0.0,0.0,0.0,4192782779.733333,3180486075.733333,5420831.37918188,449388.50441053166,702.5833333333334,704.0,701.0,0.9618426289876391,342.5833333333333,1946.5,0
41.499999999999986,46.1,38.5,1.9560423550923574,-0.006851903306473985,7.600000000000001,3.8261016949152555,73.16166666666666,73.6,72.8,0.2617358395740122,0.7999999999999972,0.011066963045290281,4.1,4.1,4.1,0.0,0.0,0.0,4200255931.733333,3181371033.6,1554848.1707183174,417462.9510469,703.3666666666667,704.0,702.0,0.5196696038591647,343.3666666666667,1937.8333333333333,0
41.438333333333325,46.5,33.8,2.5572158898584676,-0.022136704640177834,12.700000000000003,6.539353107344635,73.21499999999999,73.6,72.8,0.22080361701778256,0.7999999999999972,-0.007482634065018053,4.1,4.1,4.1,0.0,0.0,0.0,4203513412.266667,3182182092.8,1595511.6419039525,359554.30904520705,703.6333333333333,711.0,703.0,1.756022727418139,343.6333333333333,1925.8166666666666,0
40.146666666666654,43.6,31.2,2.2012682528269822,0.020933592664629075,12.400000000000002,4.845581920903956,73.11166666666666,73.4,72.8,0.16983707713088372,0.6000000000000085,0.004370658516254549,4.1,4.1,4.1,0.0,0.0,0.0,4205956676.266667,3182909166.9333334,757941.4267341455,363019.48027394945,707.9166666666666,711.0,703.0,3.7248213091785676,347.9166666666667,1937.0666666666666,0
40.748333333333335,47.5,31.2,2.5048083702653607,0.0406918588496805,16.3,6.274064971751413,73.20500000000001,73.4,72.9,0.10958318564575065,0.5,0.0034037232564601222,4.1,4.1,4.1,0.0,0.0,0.0,4207439291.733333,3183596868.266667,725256.3200888422,323845.19427557563,707.3166666666667,711.0,702.0,4.0609411394223764,347.31666666666666,1933.3833333333334,0
38.22,47.5,25.0,5.294634316208522,-0.11227007502083912,22.5,28.033152542372882,73.02166666666668,73.4,72.5,0.2668660977424702,0.9000000000000057,-0.009144206724090047,4.1,4.1,4.1,0.0,0.0,0.0,4208951910.4,3184243080.5333333,780198.3270862456,324938.2840831427,702.6,711.0,702.0,1.6692635136389045,342.6,1920.6833333333334,0
37.53666666666666,45.8,25.0,5.486623692948387,0.17748263406501807,20.799999999999997,30.103039548022597,73.02,73.5,72.5,0.2717176999655646,1.0,0.011153098082800808,4.1,4.1,4.1,0.0,0.0,0.0,4210522197.3333335,3184923323.733333,733743.159061753,338367.7226822145,701.95,703.0,701.0,0.2867113353714995,341.95,1914.55,0
39.76333333333334,45.8,30.3,2.900377921994904,-0.005784940261183666,15.499999999999996,8.412192090395479,73.06666666666666,73.5,72.7,0.22221280582686084,0.7999999999999972,-0.0082467352042234,4.1,4.1,4.1,0.0,0.0,0.0,4211949090.133333,3185604027.733333,688391.8646106181,338704.01865685114,701.3666666666667,702.0,700.0,0.7804098589988461,341.3666666666667,1916.2333333333333,0
40.085,43.1,35.5,1.9728517602183424,0.05013337038066131,7.600000000000001,3.892144067796612,73.05000000000001,73.3,72.7,0.18272884421588712,0.5999999999999943,0.005562656293414745,4.1,4.1,4.1,0.0,0.0,0.0,4213321847.4666667,3186288059.733333,690572.0880704259,350364.44079755765,700.85,703.0,700.0,0.7773270149271754,340.85,1918.7833333333333,0
40.87833333333333,43.2,38.6,1.429482739998914,0.013395387607668778,4.600000000000001,2.0434209039548032,73.09833333333333,73.3,72.8,0.13715223098176907,0.5,-0.002975826618505013,4.1,4.1,4.1,0.0,0.0,0.0,4214823714.133333,3187059165.866667,800813.4324505316,415817.71200368786,702.8,704.0,701.0,1.3753273878349161,342.8,1936.3666666666666,0
41.64833333333333,52.0,34.2,4.0794437833999995,0.08654348430119478,17.799999999999997,16.6418615819209,72.8416666666667,73.3,72.6,0.19939881395246595,0.7000000000000028,-0.006732425673798365,4.1,4.1,4.1,0.0,0.0,0.0,4219214199.4666667,3187903419.733333,7620048.946752088,410770.9307041102,703.0666666666667,704.0,702.0,0.8410378307593313,342.8833333333333,1955.4,0
41.56833333333334,52.0,34.2,4.080066951372687,-0.03856904695748825,17.799999999999997,16.64694632768361,72.62666666666665,73.1,72.1,0.2962286489004366,1.0,-0.009797165879410874,4.1,4.1,4.1,0.0,0.0,0.0,4235171498.6666665,3188724992.0,11624026.4668298,410206.34171663213,702.0666666666667,703.0,701.0,0.8410378307593313,341.6166666666667,1957.2333333333333,0
40.67333333333333,45.6,37.6,1.7698862040089598,0.025523756599055297,8.0,3.1324971751412454,72.615,73.1,72.1,0.2979164938168673,1.0,0.006754654070575198,4.1,4.1,4.1,0.0,0.0,0.0,4244209954.133333,3189471317.3333335,756922.9604569841,353193.8533466475,701.0666666666667,703.0,700.0,0.634239613242227,340.96666666666664,1925.9166666666667,0
40.56333333333334,45.6,37.8,1.9052084424124174,-0.03166990830786331,7.800000000000004,3.629819209039549,72.92500000000001,73.3,72.5,0.20962031859078364,0.7999999999999972,0.009416504584606786,4.1,4.1,4.1,0.0,0.0,0.0,4245792597.3333335,3190206685.866667,764969.0691823986,355736.6343647143,701.4333333333333,702.0,700.0,0.7217367628174831,341.43333333333334,1920.3833333333334,0
40.65166666666666,44.9,37.8,1.9980916036301184,0.05556821339260908,7.100000000000001,3.992370056497178,73.08833333333334,73.4,72.8,0.156326111406075,0.6000000000000085,0.00161433731592111,4.1,4.1,4.1,0.0,0.0,0.0,4247305011.2,3190936729.6,743288.9844058943,370322.0418859093,701.3166666666667,702.0,701.0,0.4691017983072984,341.31666666666666,1914.1166666666666,0
41.690000000000005,44.9,38.4,1.6743022832192578,0.01977215893303693,6.5,2.80328813559322,73.12166666666667,73.4,72.9,0.10591276657841547,0.5,0.001086412892470072,4.1,4.1,4.1,0.0,0.0,0.0,4248953275.733333,3191667456.0,896868.1469642648,356321.95626322867,700.5833333333334,701.0,700.0,0.497167116011244,340.5833333333333,1915.55,0
42.52666666666668,49.3,39.1,1.9480426218379245,0.014031675465407052,10.199999999999996,3.7948700564971753,73.13666666666667,73.2,73.0,0.05513209612013003,0.20000000000000284,0.0005557099194221105,4.1,4.1,4.1,0.0,0.0,0.0,4250677555.2,3192391526.4,785301.2277367892,359133.19892769685,699.9166666666666,702.0,699.0,0.5301636033600228,339.9166666666667,1915.6,0
42.77333333333334,49.6,39.8,1.9406330145535355,-0.021239233120311198,9.800000000000004,3.766056497175143,73.23666666666668,73.4,73.1,0.08629210672834466,0.30000000000001137,0.0033287024173381027,4.1,4.1,4.1,0.0,0.0,0.0,4252272213.3333335,3193100868.266667,821298.4927769257,348087.7288632106,701.2,702.0,700.0,0.9707589203071649,341.2,1921.5666666666666,0
43.41833333333334,50.0,40.5,2.4383581351967605,0.06379272020005555,9.5,5.945590395480223,73.21166666666664,73.4,72.8,0.18141783092775357,0.6000000000000085,-0.002447902195054065,4.1,4.1,4.1,0.0,0.0,0.0,4258139153.0666666,3193832328.5333333,9859110.815509958,374620.36762529437,701.4166666666666,702.0,701.0,0.4971671160112441,341.4166666666667,1932.35,0
42.01833333333334,50.0,29.3,4.369869550341936,-0.10959433175882183,20.7,19.095759887005634,73.02000000000001,73.7,72.2,0.421377885079294,1.5,-0.010508474576271217,4.1,4.1,4.1,0.0,0.0,0.0,4277612629.3333335,3194612070.4,13594152.65105666,406336.26682105864,700.65,702.0,700.0,0.5469483909592215,340.65,1935.0833333333333,0
40.208333333333336,45.2,29.3,3.646790632995532,0.036435120866907436,15.900000000000002,13.299081920903953,72.635,73.5,72.0,0.38392486906261475,1.5,-0.005081967213114795,4.1,4.1,4.1,0.0,0.0,0.0,4287924718.9333334,3195359112.5333333,920789.8255745199,354692.39404781675,699.95,702.0,699.0,0.46668684379302106,339.95,1912.7833333333333,0
41.01499999999999,45.2,37.1,2.134528487607223,0.06687135315365379,8.100000000000001,4.556211864406779,72.80666666666666,73.3,72.0,0.3502380143083657,1.2999999999999972,0.011981105862739752,4.1,4.1,4.1,0.0,0.0,0.0,4289784132.266667,3196091357.866667,939926.506533354,383533.210426666,701.1833333333333,702.0,700.0,0.9827610131865977,341.18333333333334,1918.8833333333334,0
41.765,47.0,37.0,2.1587680887526908,-0.017879966657404857,10.0,4.660279661016946,72.97,73.2,72.8,0.10782911779323631,0.4000000000000057,0.0034565156988051664,4.1,4.1,4.1,0.0,0.0,0.0,4291550190.9333334,3196833587.2,796919.3503745652,337479.49280897557,701.3833333333333,702.0,701.0,0.4903014177278999,341.3833333333333,1917.0833333333333,0
40.48166666666667,44.3,36.5,2.225315949128645,-0.0593859405390386,7.799999999999997,4.9520310734463235,73.05499999999999,73.4,72.8,0.18542210205960818,0.6000000000000085,0.0032314531814393176,4.1,4.1,4.1,0.0,0.0,0.0,4293376307.2,3197518250.6666665,1064041.6137071433,356856.376090859,700.55,701.0,699.0,0.6223247830459754,340.55,1913.6,0
40.40999999999998,46.2,34.5,2.4480154535903056,0.031247568769102542,11.700000000000003,5.99277966101695,73.11666666666666,73.6,72.8,0.1949938431593587,0.7999999999999972,0.0014115031953320033,4.1,4.1,4.1,0.0,0.0,0.0,4295403076.266666,3198219844.266667,935664.9379291147,343443.0874101646,700.0166666666667,702.0,699.0,0.7476894729916953,340.01666666666665,1909.0,0
40.974999999999994,46.2,34.5,2.0497726207094704,0.008971936649069208,11.700000000000003,4.2015677966101705,73.17166666666665,73.6,73.0,0.19665996349775436,0.5999999999999943,0.006765768268963623,4.1,4.1,4.1,0.0,0.0,0.0,4297364514.133333,3198929988.266667,1023711.763600717,365957.7108756576,701.3166666666667,702.0,700.0,0.9476405430700274,341.31666666666666,1917.55,0
41.75833333333333,49.1,37.8,2.3955673519759593,-0.0017032509030286515,11.300000000000004,5.73874293785311,73.29333333333332,73.6,73.0,0.16861013768772612,0.5999999999999943,-2.2228396776829872e-05,4.1,4.1,4.1,0.0,0.0,0.0,4299208004.266666,3199675886.9333334,806555.2102762663,365693.21311286197,701.7333333333333,702.0,701.0,0.4459484908564835,341.73333333333335,1931.2333333333333,0
40.760000000000005,49.1,36.0,2.7523302915708183,-0.06660183384273409,13.100000000000001,7.575322033898305,73.22333333333334,73.6,72.9,0.20696897881588489,0.6999999999999886,-0.007824395665462667,4.1,4.1,4.1,0.0,0.0,0.0,4300829781.333333,3200416887.4666667,816888.9063460692,376487.7940627281,701.5166666666667,702.0,701.0,0.503939284299098,341.51666666666665,1938.9,0
39.73500000000001,44.7,34.9,2.2668446673212337,0.031650458460683484,9.800000000000004,5.1385847457627145,72.95666666666668,73.6,72.2,0.3628356618555064,1.3999999999999915,-0.012436787996665803,4.1,4.1,4.1,0.0,0.0,0.0,4302426965.333333,3201144166.4,786275.1293638191,354608.49210338615,702.1833333333333,707.0,700.0,2.182299103819427,341.55,1926.8,0
41.01499999999999,49.7,37.1,2.4165267834053186,0.0443373159210892,12.600000000000001,5.839601694915255,72.76666666666667,73.6,72.2,0.3117292755628463,1.3999999999999915,0.0007891080855793751,4.1,4.1,4.1,0.0,0.0,0.0,4304149401.6,3201861819.733333,1279898.480432437,367552.7102625573,705.75,707.0,701.0,1.8742230028485884,343.95,1938.5666666666666,0
41.62166666666667,49.7,36.8,2.999496662106611,-0.027821617115865522,12.900000000000006,8.996980225988702,73.08999999999997,73.5,72.4,0.2614820861090341,1.0999999999999943,0.010975270908585692,4.1,4.1,4.1,0.0,0.0,0.0,4314285038.933333,3202681207.4666667,7691667.044031848,418271.9887287463,705.7833333333333,707.0,705.0,0.903696114115064,343.78333333333336,1941.0166666666667,0
39.070000000000014,46.4,33.1,2.9156096551179393,-0.0598555154209503,13.299999999999997,8.50077966101695,73.09333333333332,73.5,72.8,0.16961238628685343,0.7000000000000028,-0.005395943317588205,4.1,4.1,4.1,0.0,0.0,0.0,4321657856.0,3203450811.733333,776051.4683389568,358721.9253201834,703.6833333333333,705.0,702.0,1.4554592340292132,342.1666666666667,1919.4166666666667,0
40.075,45.5,33.1,3.3323084582638725,0.13191164212281192,12.399999999999999,11.104279661016948,73.02333333333333,73.2,72.8,0.10635193681018006,0.4000000000000057,0.004212281189219162,4.1,4.1,4.1,0.0,0.0,0.0,4323204454.4,3204155392.0,773712.617607987,343031.8918343565,701.6166666666667,703.0,701.0,0.5551505114790765,340.9166666666667,1910.9833333333333,0
41.32500000000001,45.5,36.1,2.3887181868674228,-0.030005557099194252,9.399999999999999,5.7059745762711875,73.25333333333334,73.8,72.9,0.23250053155883624,0.8999999999999915,0.009108085579327612,4.1,4.1,4.1,0.0,0.0,0.0,4325202739.2,3204875673.6,1175349.453335544,374990.09008099925,702.7333333333333,704.0,701.0,1.2332493481864322,342.6166666666667,1928.9,0
41.361666666666665,46.5,36.1,2.5481859061750933,0.01873020283412061,10.399999999999999,6.493251412429382,73.34666666666665,73.8,72.9,0.2639123292196173,0.8999999999999915,-0.003995554320644614,4.1,4.1,4.1,0.0,0.0,0.0,4327510408.533334,3205656081.0666666,1084609.2021978796,382334.98749664973,703.1833333333333,704.0,702.0,0.911167376885589,343.18333333333334,1935.8,0
40.811666666666675,46.5,36.8,2.1673299723483614,-0.0591636565712698,9.700000000000003,4.6973192090395495,73.22000000000001,73.7,72.9,0.18758049119768838,0.7999999999999972,-0.0014226173937204772,4.1,4.1,4.1,0.0,0.0,0.0,4329538474.666667,3206410274.133333,959168.4789445328,367759.7731161234,701.7,704.0,701.0,0.6714517537598056,341.7,1918.3333333333333,0
43.08166666666666,58.5,38.0,4.977900029185497,0.19345095859961103,20.5,24.779488700564972,73.47,74.9,73.2,0.4362008556166278,1.7000000000000028,0.01763267574326204,4.1,4.1,4.1,0.0,0.0,0.0,4334630314.666667,3207148441.6,5936075.790634371,380697.0167563167,701.15,708.0,700.0,1.1020012611884875,341.15,1939.3166666666666,0
49.851666666666674,65.0,38.2,7.846655158418856,0.0948346762989719,26.799999999999997,61.569997175141246,74.37666666666668,75.1,73.3,0.6616278504033648,1.7999999999999972,0.03290914142817445,4.1,4.1,4.1,0.0,0.0,0.0,4348046284.8,3208132744.5333333,8547258.056003606,624304.4415124606,705.4833333333333,710.0,700.0,3.6891580347892012,345.48333333333335,2011.0,0
45.188333333333325,63.1,36.1,7.361606578215748,-0.34290358432898027,27.0,54.193251412429376,74.80499999999999,75.3,74.4,0.23247015481853864,0.8999999999999915,-0.00867185329258121,4.1,4.1,4.1,0.0,0.0,0.0,4357179596.8,3209158331.733333,1426575.852617168,370321.44998479757,707.1166666666667,710.0,704.0,1.9837617635349454,347.1166666666667,2010.7666666666667,0
39.900000000000006,43.4,34.4,2.275663434648588,0.006629619338705163,9.0,5.178644067796609,74.70000000000003,75.0,74.3,0.21072916186664162,0.7000000000000028,0.0022839677688245865,4.1,4.1,4.1,0.0,0.0,0.0,4359559748.266666,3209907763.2,1096002.243623552,375824.54806775495,703.9333333333333,706.0,703.0,1.022901600162899,343.93333333333334,1958.5166666666667,0
40.33166666666667,50.5,34.2,4.028731207370744,0.05986940816893583,16.299999999999997,16.230675141242934,74.775,75.0,74.3,0.22294257070041434,0.7000000000000028,-0.0008863573214781944,4.1,4.1,4.1,0.0,0.0,0.0,4361766263.466666,3210661358.9333334,1094889.8736681852,378868.8588131366,702.7,705.0,702.0,0.8088493605954036,342.5833333333333,1946.6,0
40.208333333333336,50.5,33.9,3.8723833884759693,-0.007871631008613511,16.6,14.995353107344629,74.55666666666666,75.0,73.7,0.37658891252870047,1.2999999999999972,-0.015004167824395676,4.1,4.1,4.1,0.0,0.0,0.0,4363678771.2,3211406114.133333,822538.1732520629,370614.68990723067,703.3166666666667,705.0,702.0,0.9653605046586494,343.2,1946.9,0
39.61666666666667,48.8,31.7,3.5440648244954525,0.03617115865518198,17.099999999999998,12.560395480225983,74.07666666666667,74.9,73.7,0.33312422819787363,1.2000000000000028,-0.011003056404556783,4.1,4.1,4.1,0.0,0.0,0.0,4370245853.866667,3212158685.866667,9790537.115002617,402033.5698711041,703.5,704.0,703.0,0.5042194840896107,343.5,1957.8,0
41.345000000000006,48.8,36.0,2.7148321420157875,0.01021672686857457,12.799999999999997,7.370313559322029,73.74500000000002,74.3,73.3,0.22279046932115248,1.0,-0.009577660461239331,4.1,4.1,4.1,0.0,0.0,0.0,4397704942.933333,3212972953.6,17441489.902844943,380367.5649892315,702.45,703.0,701.0,0.6992732304667879,342.45,1959.6,0
40.555,45.9,34.6,2.4062366002268325,-0.060552931369824946,11.299999999999997,5.789974576271185,73.70166666666667,74.1,73.3,0.1926546630866749,0.7999999999999972,0.007432620172270145,4.1,4.1,4.1,0.0,0.0,0.0,4411993139.2,3213666355.2,749701.7241835741,327500.3399006026,702.0333333333333,704.0,701.0,0.6097142055335257,342.03333333333336,1946.9833333333333,0
40.10333333333333,45.9,34.6,2.2165759719775053,-0.006935259794387327,11.299999999999997,4.913209039548022,73.92333333333335,74.2,73.6,0.17405109971136196,0.6000000000000085,0.0037677132536816133,4.1,4.1,4.1,0.0,0.0,0.0,4413491131.733334,3214340232.5333333,766299.6631329173,357243.5415673391,703.1333333333333,704.0,702.0,0.9107022186606587,343.1333333333333,1949.4666666666667,0
39.305,42.8,33.7,2.343286479588812,-0.05992497916087804,9.099999999999994,5.490991525423728,73.84833333333334,74.2,73.6,0.17514320210313072,0.6000000000000085,-0.004781883856626855,4.1,4.1,4.1,0.0,0.0,0.0,4415030118.4,3215058773.3333335,774251.1316061015,362035.2929241384,703.4666666666667,704.0,703.0,0.5030977485864634,343.46666666666664,1949.6,0
37.45166666666667,42.5,32.3,2.346688374642789,-0.018435676576826904,10.200000000000003,5.506946327683616,73.69,74.0,73.5,0.08963201607174202,0.5,-0.0014226173937204186,4.1,4.1,4.1,0.0,0.0,0.0,4416539477.333333,3215744392.5333333,749374.4555782344,330623.906237861,702.4833333333333,704.0,701.0,0.7246662976417858,342.48333333333335,1950.65,0
37.323333333333345,42.5,32.3,1.8272296959008527,0.011219783273131398,10.200000000000003,3.3387683615819226,73.68833333333332,73.8,73.5,0.058488494208710454,0.29999999999999716,0.001814392886913059,4.1,4.1,4.1,0.0,0.0,0.0,4418064503.466666,3216404326.4,737542.1025136944,316804.57500822545,702.0333333333333,704.0,701.0,0.6097142055335257,342.03333333333336,1947.9,0
39.57,60.3,28.4,7.470876789239667,-0.02775215337593775,31.9,55.814,73.58166666666668,74.0,72.9,0.3534295253350105,1.0999999999999943,-0.01110586273964995,4.1,4.1,4.1,0.0,0.0,0.0,4429370777.6,3217191953.0666666,10792239.275297249,491023.5682113908,703.4833333333333,705.0,702.0,1.228084724436991,343.48333333333335,2004.3833333333334,0
33.855,60.3,18.4,10.388445749232451,-0.18383161989441513,41.9,107.91980508474579,73.16833333333331,74.0,72.8,0.37799276590094344,1.2000000000000028,-0.014312308974715143,4.1,4.1,4.1,0.0,0.0,0.0,4441642001.066667,3218074641.0666666,795229.1134642143,345158.2916625144,704.4166666666666,705.0,704.0,0.4971671160112441,344.4166666666667,2004.8,0
35.260000000000005,45.4,19.2,5.362146041417701,0.09347596554598502,26.2,28.752610169491525,73.09,73.8,72.8,0.23842704885796268,1.0,0.011014170602945137,4.1,4.1,4.1,0.0,0.0,0.0,4443194077.866667,3218762598.4,773397.2450218836,357304.1981582811,703.35,704.0,702.0,0.7988338958884625,343.35,1957.5,0
39.79,45.4,28.4,3.4136664517887207,0.05475965545984994,17.0,11.653118644067794,73.44333333333334,73.8,72.9,0.23242762071246104,0.8999999999999915,0.008357877188107774,4.1,4.1,4.1,0.0,0.0,0.0,4444716032.0,3219455436.8,745403.7174911506,331486.73826727667,703.0,705.0,702.0,0.7130740328122925,343.0,1946.9333333333334,0
40.62499999999999,44.2,34.9,1.9543627857450336,-0.013250903028619046,9.300000000000004,3.819533898305088,73.66499999999998,74.0,73.4,0.17352282124125792,0.5999999999999943,0.006126701861628289,4.1,4.1,4.1,0.0,0.0,0.0,4446206037.333333,3220115302.4,749049.0461270339,335715.4333718375,704.15,705.0,703.0,0.8986807657027426,344.15,1951.0166666666667,0
40.144999999999996,44.2,34.9,1.9070275921674913,0.010177827174215092,9.300000000000004,3.636754237288139,73.80333333333334,74.2,73.6,0.1261780644755755,0.6000000000000085,-0.0014781883856626742,4.1,4.1,4.1,0.0,0.0,0.0,4447701043.2,3220787251.2,733270.4939796634,330646.2852099594,704.45,705.0,704.0,0.501692052213544,344.45,1949.85,0
41.40666666666666,47.8,38.5,2.7919294504870957,0.059388719088635716,9.299999999999997,7.794870056497175,73.81666666666666,74.3,73.5,0.2171983914372712,0.7999999999999972,0.0014837454848568368,4.1,4.1,4.1,0.0,0.0,0.0,4454190865.066667,3221505416.5333333,10737411.374974411,388394.85536606866,703.3833333333333,704.0,702.0,0.6911465950282972,343.3833333333333,1960.8833333333334,0
42.42499999999999,47.8,38.4,2.7276751757507305,-0.018730202834120573,9.399999999999999,7.440211864406779,73.64999999999999,74.3,73.2,0.32233260009615206,1.0999999999999943,-0.015837732703528746,4.1,4.1,4.1,0.0,0.0,0.0,4474053853.866667,3222292940.8,13435809.584497176,395673.64963329164,703.0,705.0,702.0,0.552344770738994,343.0,1963.45,0
43.99,60.3,38.4,4.856367478346933,0.02993053626007224,21.9,23.584305084745754,73.615,74.1,73.2,0.2880824976004777,0.8999999999999915,0.01202278410669632,4.1,4.1,4.1,0.0,0.0,0.0,4484323379.2,3223043259.733333,1039103.6977997816,411972.9497217459,704.1,707.0,703.0,1.0033841044270877,344.1,2004.75,0
41.97333333333333,60.3,36.7,4.273325488944562,-0.15432620172270076,23.599999999999994,18.261310734463283,73.87833333333332,74.1,73.6,0.10591276657841539,0.5,-0.0004140038899693978,4.1,4.1,4.1,0.0,0.0,0.0,4486280584.533334,3223855786.6666665,864169.1356031334,379901.7154971134,705.1666666666666,707.0,704.0,0.668077602989218,345.1666666666667,2013.4833333333333,0
40.351666666666674,44.7,36.4,1.9164313292022817,0.007465962767435409,8.300000000000004,3.6727090395480237,73.81166666666668,74.1,73.5,0.12634586196689765,0.5999999999999943,-0.001158655181995035,4.1,4.1,4.1,0.0,0.0,0.0,4487934276.266666,3224590882.133333,763684.5413728497,346676.2480145899,704.1833333333333,705.0,703.0,0.8923719424185295,344.18333333333334,1970.9833333333333,0
38.40666666666666,44.7,32.2,3.3475448461783364,-0.07009169213670463,12.5,11.20605649717514,73.66666666666667,74.1,72.8,0.26786454119457265,1.2999999999999972,-0.0070352875798833075,4.1,4.1,4.1,0.0,0.0,0.0,4489700232.533334,3225286263.4666667,1025155.185663151,349076.4678536814,703.2,705.0,703.0,0.5142049977013224,343.2,1951.8333333333333,0
38.74000000000001,43.7,32.2,2.59453140669736,0.11510419560989159,11.5,6.731593220338982,73.575,74.0,72.8,0.29321421567036465,1.2000000000000028,0.002409002500694743,4.1,4.1,4.1,0.0,0.0,0.0,4491748386.133333,3225971968.0,966141.6930777639,335065.0711937932,703.8166666666667,705.0,703.0,0.7246662976417857,343.81666666666666,1948.3833333333334,0
40.82999999999999,43.7,38.0,1.4632561785510418,0.03791053070297309,5.700000000000003,2.1411186440677987,73.73,74.2,73.3,0.24994914737039423,0.9000000000000057,0.009936093359266459,4.1,4.1,4.1,0.0,0.0,0.0,4493726122.666667,3226658525.866667,1010622.9842338759,354840.32835941744,704.0666666666667,705.0,704.0,0.25154887429323164,344.06666666666666,1947.0,0
40.71500000000001,46.9,32.6,2.655651153831666,-0.035740483467629924,14.299999999999997,7.052483050847459,73.89333333333335,74.4,73.6,0.19903723071083915,0.8000000000000114,0.0016171158655182098,4.1,4.1,4.1,0.0,0.0,0.0,4495825561.6,3227436629.3333335,1020637.0913212583,404106.51208165684,705.1,712.0,702.0,3.3430930568024393,345.1,1964.8333333333333,0
38.14166666666666,46.9,27.3,4.8117896056498095,-0.0214698527368713,19.599999999999998,23.153319209039548,73.87166666666668,74.4,73.5,0.2565029927909904,0.9000000000000057,-0.0020922478466241486,4.1,4.1,4.1,0.0,0.0,0.0,4497789627.733334,3228221883.733333,977932.6668709617,376822.34878331155,709.8666666666667,712.0,702.0,3.903352173720736,349.8666666666667,1981.7833333333333,0
41.154999999999994,48.8,35.3,3.6151482141358313,0.09347874409558207,13.5,13.069296610169491,74.05166666666666,74.7,73.5,0.40567652918018965,1.2000000000000028,0.013973325923867786,4.1,4.1,4.1,0.0,0.0,0.0,4503483323.733334,3228987289.6,5146046.511172386,392914.7637099693,708.15,712.0,704.0,3.644475735936585,348.15,1982.6833333333334,0
42.76166666666666,48.8,34.6,2.7715926808787326,-0.08109196999166432,14.199999999999996,7.68172598870056,74.43500000000002,74.7,74.1,0.16654515344372345,0.6000000000000085,-0.000569602667407642,4.1,4.1,4.1,0.0,0.0,0.0,4510325657.6,3229762286.9333334,1239421.1221212281,370641.7721651061,704.4666666666667,705.0,704.0,0.5030977485864634,344.46666666666664,1966.0166666666667,0
42.06166666666666,44.9,34.6,1.8822175585869731,0.016323978883023046,10.299999999999997,3.5427429378531055,74.49666666666668,74.7,74.1,0.14257518583476883,0.6000000000000085,0.003250903028618953,4.1,4.1,4.1,0.0,0.0,0.0,4512044629.333333,3230475229.866667,779490.3877187895,336226.0208383573,703.6,704.0,703.0,0.494032181755571,343.6,1952.7333333333333,0
42.629999999999995,45.1,38.8,1.3555035339343366,-0.023039733259238675,6.300000000000004,1.8373898305084753,74.47333333333331,74.6,74.2,0.10871618572939064,0.3999999999999915,-0.004445679355376367,4.1,4.1,4.1,0.0,0.0,0.0,4513583462.4,3231117277.866667,770918.2550214133,313234.2848723736,703.2166666666667,705.0,703.0,0.6131791749276647,343.21666666666664,1948.4833333333333,0
41.54999999999998,45.8,35.4,2.1739988929253578,-0.04287857738260628,10.399999999999999,4.72627118644068,74.28833333333333,74.6,74.1,0.149679506954895,0.5,-0.004376215615448793,4.1,4.1,4.1,0.0,0.0,0.0,4515224644.266666,3231789465.6,822196.269460837,343788.21941911086,704.2666666666667,705.0,703.0,0.8994662573007387,344.26666666666665,1957.3666666666666,0
44.22833333333333,52.9,35.4,4.783768164648801,0.20562100583495418,17.5,22.884437853107354,74.54333333333332,75.8,74.1,0.5428633022886635,1.7000000000000028,0.023050847457627203,4.1,4.1,4.1,0.0,0.0,0.0,4516834474.666667,3232485188.266667,836316.7364418226,372523.73428224504,704.6833333333333,705.0,704.0,0.4691017983072984,344.51666666666665,1969.35,0
47.01833333333333,57.2,41.0,4.84265971418028,0.0221811614337316,16.200000000000003,23.45135310734463,74.98666666666665,75.8,74.1,0.4969284184943997,1.7000000000000028,0.00732981383717703,4.1,4.1,4.1,0.0,0.0,0.0,4518498901.333333,3233206101.3333335,828868.6921898819,349988.80853209796,703.7333333333333,705.0,702.0,1.022901600162899,343.23333333333335,1966.7666666666667,0
47.41833333333332,59.1,39.2,5.7813989177644265,-0.09257293692692413,19.9,33.424573446327685,75.20000000000002,75.7,74.1,0.38223251420471105,1.6000000000000085,-0.0026951931091969807,4.1,4.1,4.1,0.0,0.0,0.0,4531823667.2,3234014873.6,13023594.569117473,453546.8313819984,704.0166666666667,706.0,702.0,1.3465796805826948,343.1333333333333,1971.6166666666666,0
42.38166666666667,51.5,39.2,3.1719903213708034,-0.0988524590163934,12.299999999999997,10.061522598870052,74.32166666666666,75.7,73.6,0.7052086280240393,2.1000000000000085,-0.03717977215893301,4.1,4.1,4.1,0.0,0.0,0.0,4547196279.466666,3234813371.733333,782739.2163028646,320510.66179753485,705.0166666666667,706.0,704.0,0.7476894729916951,344.01666666666665,1957.15,0
41.213333333333345,43.9,39.3,1.091332052914013,0.006590719644345639,4.600000000000001,1.191005649717514,73.82166666666667,74.0,73.6,0.13288413031809226,0.4000000000000057,0.00694359544317869,4.1,4.1,4.1,0.0,0.0,0.0,4548743372.8,3235442705.0666666,772326.6521281116,316864.1841211707,705.0,705.0,705.0,0.0,344.0,1954.7166666666667,0
40.84666666666666,43.3,39.1,1.008013092911112,-0.008341205890525127,4.199999999999996,1.0160903954802258,73.98833333333337,74.1,73.9,0.08252717408996905,0.19999999999998863,0.0031258682967489192,4.1,4.1,4.1,0.0,0.0,0.0,4550276232.533334,3236088797.866667,768389.8417996318,334288.8774052515,704.3833333333333,705.0,703.0,0.6911465950282972,343.3833333333333,1952.6333333333334,0
39.311666666666675,46.9,23.8,4.671227896013763,-0.11724645734926367,23.099999999999998,21.82037005649717,73.92000000000002,74.7,72.1,0.6036049892527795,2.6000000000000085,-0.013492636843567619,4.1,4.1,4.1,0.0,0.0,0.0,4551819827.2,3236758920.5333333,777259.5812617645,340784.7912126952,703.9833333333333,706.0,703.0,0.5672313570575753,342.98333333333335,1969.5333333333333,0
33.83833333333333,54.6,23.8,7.851116549475388,-0.17794665184773548,30.8,61.64003107344632,72.95000000000002,74.7,71.9,0.9031958325105417,2.799999999999997,-0.03396499027507646,4.1,4.1,4.1,0.0,0.0,0.0,4553437696.0,3237491438.9333334,849240.5782632794,402823.28394276835,705.7166666666667,708.0,704.0,1.4153117482140707,344.71666666666664,2020.9,0
31.07333333333333,54.6,25.4,5.994259023677393,-0.039094192831342044,29.200000000000003,35.931141242937855,72.57666666666667,72.9,72.1,0.16505434817994946,0.8000000000000114,0.0031230897471519734,4.1,4.1,4.1,0.0,0.0,0.0,4555093623.466666,3238262169.6,749577.7470392173,345463.6364647233,706.0166666666667,708.0,705.0,0.9827610131865976,345.01666666666665,2007.7666666666667,0
32.13,41.7,25.4,3.601943919607856,0.03294804112253404,16.300000000000004,12.974000000000006,72.64000000000001,72.9,72.0,0.134290350751962,0.9000000000000057,0.00102250625173661,4.1,4.1,4.1,0.0,0.0,0.0,4566453469.866667,3239015970.133333,9613537.5026267,397873.14269545104,704.45,706.0,703.0,0.6489887831680653,343.45,1982.1333333333334,0
30.865000000000002,38.0,26.3,2.740334323287914,-0.034912475687691034,11.7,7.509432203389829,72.26500000000001,72.8,71.7,0.3790375859006901,1.0999999999999943,-0.017996665740483475,4.1,4.1,4.1,0.0,0.0,0.0,4577090798.933333,3239743163.733333,733393.3167612242,328075.4490667268,704.1,706.0,703.0,0.6297699337786183,343.1,1965.7166666666667,0
30.839999999999996,39.2,26.3,2.7791109418514846,0.05893303695470964,12.900000000000002,7.723457627118647,71.88166666666666,72.4,71.6,0.16823275509544997,0.8000000000000114,-0.004131703250902982,4.1,4.1,4.1,0.0,0.0,0.0,4578601454.933333,3240440217.6,741465.44697481,353764.2608174287,705.2333333333333,706.0,704.0,0.9088392050109698,344.23333333333335,1960.7,0
30.588333333333335,39.2,26.0,2.850161557518241,-0.06073075854404003,13.200000000000003,8.123420903954806,71.95000000000002,72.4,71.7,0.1789801617640482,0.7000000000000028,0.0069074742984161375,4.1,4.1,4.1,0.0,0.0,0.0,4580089002.666667,3241130939.733333,741337.2398020881,331995.49422130676,708.0166666666667,715.0,705.0,3.933737889757112,345.95,1976.4,0
29.69833333333333,36.8,26.0,1.9262232887679687,-0.0009363712142261878,10.799999999999997,3.710336158192089,72.01333333333334,72.4,71.8,0.154554215891116,0.6000000000000085,-0.002322867463184192,4.1,4.1,4.1,0.0,0.0,0.0,4581568682.666667,3241785617.0666666,744120.353577539,328018.6923072808,707.9833333333333,715.0,704.0,4.331562002157082,345.55,1978.65,0
32.410000000000004,46.0,26.8,5.619147049092241,0.1863350930814115,19.2,31.57481355932204,72.13833333333334,72.6,71.8,0.23076267555516508,0.7999999999999972,0.01123367602111696,4.1,4.1,4.1,0.0,0.0,0.0,4587775744.0,3242489958.4,10802073.665696174,376524.16962559527,704.85,706.0,704.0,0.605763280945926,343.85,1985.2833333333333,0
31.195,46.0,25.6,6.187122356220819,-0.17054459572103364,20.4,38.28048305084745,72.44833333333334,72.7,72.0,0.17514320210312934,0.7000000000000028,0.00538205056960269,4.1,4.1,4.1,0.0,0.0,0.0,4606047112.533334,3243250295.4666667,12877277.315300612,391980.0731064326,705.3666666666667,706.0,704.0,0.7804098589988461,344.3666666666667,1990.5833333333333,0
28.951666666666668,32.8,25.6,2.071067166713708,0.04101972770213948,7.199999999999996,4.2893192090395456,72.49499999999999,72.9,72.3,0.1294381600925138,0.6000000000000085,-0.0009697138093914524,4.1,4.1,4.1,0.0,0.0,0.0,4614874129.066667,3243953612.8,761712.2749309858,330984.6341039241,705.3333333333334,706.0,705.0,0.4753826885415283,344.3333333333333,1977.4,0
29.815,34.9,25.0,2.407109878277619,-0.01828007779938871,9.899999999999999,5.794177966101692,72.32166666666666,72.9,71.9,0.24639204440895063,1.0,-0.009894415115309772,4.1,4.1,4.1,0.0,0.0,0.0,4616433646.933333,3244647389.866667,812188.6258307714,374300.185906458,704.3333333333334,705.0,703.0,0.816496580927726,343.3333333333333,1990.4166666666667,0
31.086666666666662,48.9,25.0,5.595926686459177,0.07919977771603222,23.9,31.314395480225986,72.14333333333335,72.4,71.9,0.20778628742758262,0.5,0.0014226173937203956,4.1,4.1,4.1,0.0,0.0,0.0,4618066210.133333,3245407505.0666666,766192.8358314502,367490.3954000019,703.95,706.0,703.0,0.9283665260982115,342.95,1993.1333333333334,0
29.33166666666666,48.9,24.3,5.837822082477905,-0.13885801611558765,24.599999999999998,34.08016666666666,72.22166666666665,72.4,72.0,0.1106095080760977,0.4000000000000057,0.0006751875520978498,4.1,4.1,4.1,0.0,0.0,0.0,4619525324.8,3246112477.866667,706939.7111658202,347979.9158322589,704.9666666666667,706.0,704.0,0.7356921488320419,343.96666666666664,1997.6833333333334,0
28.021666666666665,32.1,24.3,2.278721888763015,0.03777993887190887,7.800000000000001,5.192573446327684,72.295,72.7,72.2,0.1307410430545159,0.5,0.0028757988330091024,4.1,4.1,4.1,0.0,0.0,0.0,4620951449.6,3246779716.266667,726083.0510215197,330619.41234330565,705.0,706.0,704.0,0.3682298471593293,344.0,1974.3166666666666,0
31.306666666666665,53.1,25.4,8.562964532328795,0.25582106140594607,27.700000000000003,73.32436158192091,72.78333333333333,77.0,72.1,1.329861298574527,4.900000000000006,0.04007779938871906,4.1,4.1,4.1,0.0,0.0,0.0,4622426180.266666,3247454446.9333334,740658.1108842591,343419.8517961018,704.75,705.0,704.0,0.4366668823046865,343.7,1981.3833333333334,0
45.42833333333333,66.0,25.7,12.887138400676546,0.5012308974715198,40.3,166.07833615819206,74.17833333333334,77.0,72.1,1.4894079891661964,4.900000000000006,0.045376493470408466,4.1,4.1,4.1,0.0,0.0,0.0,4623975099.733334,3248177390.9333334,861212.8089553759,401123.9337078799,711.1,720.0,704.0,7.125271329951143,349.8333333333333,2022.9,0
45.54833333333333,61.4,28.5,7.738183811500279,-0.33197277021394833,32.9,59.87948870056498,74.20833333333333,74.8,73.5,0.42477977012487816,1.2999999999999972,-0.01827452070019453,4.1,4.1,4.1,0.0,0.0,0.0,4628030532.266666,3249070677.3333335,5083330.910887273,491387.90692081815,716.3666666666667,720.0,705.0,5.135343358766712,355.3,2027.45,0
39.79333333333332,48.7,28.5,3.4381640088006904,0.03280911364267852,20.200000000000003,11.820971751412433,73.91666666666667,74.1,73.5,0.16173494393728005,0.5999999999999943,0.005173659349819405,4.1,4.1,4.1,0.0,0.0,0.0,4636683844.266666,3249932151.4666667,5422548.950010565,376771.1298418272,708.2,719.0,705.0,5.401820157775447,347.2,1981.8166666666666,0
39.86666666666667,44.8,37.4,1.5185482213499084,0.006585162545151421,7.399999999999999,2.3059887005649706,73.8516666666667,74.1,73.6,0.17122852869644103,0.5,-0.008016115587663264,4.1,4.1,4.1,0.0,0.0,0.0,4641085593.6,3250657843.2,850282.7206567416,345860.98867044103,704.6,705.0,704.0,0.494032181755571,343.6,1954.7833333333333,0
42.165,63.0,38.2,5.103200225581285,0.07066685190330652,24.799999999999997,26.042652542372885,73.69166666666666,74.1,73.5,0.15103222988248918,0.5999999999999943,-0.002736871353153684,4.1,4.1,4.1,0.0,0.0,0.0,4642717115.733334,3251349555.2,825691.7423517447,366744.6046917877,704.2833333333333,706.0,704.0,0.5848849420870962,343.28333333333336,1999.6,0
41.111666666666665,63.0,37.1,3.404488147728318,-0.07016671297582665,25.9,11.590539548022596,73.5083333333333,74.0,73.2,0.2085394460646984,0.7999999999999972,-0.008399555432064375,4.1,4.1,4.1,0.0,0.0,0.0,4644336452.266666,3252079121.0666666,786700.4850552065,353913.40120573627,705.0,706.0,704.0,0.8233869695926183,344.0,2002.6833333333334,0
39.894999999999996,45.9,37.1,1.9922242913684802,-0.013256460127813278,8.799999999999997,3.9689576271186433,73.40166666666664,73.7,73.2,0.12142050013530305,0.5,0.0013642678521811626,4.1,4.1,4.1,0.0,0.0,0.0,4645949064.533334,3252804488.5333333,772543.9699824994,349608.20387648884,705.1833333333333,706.0,705.0,0.3902049294994231,344.18333333333334,1967.0166666666667,0
39.92833333333333,48.9,37.3,2.283254565840038,0.0667546540705752,11.600000000000001,5.213251412429379,73.24166666666666,73.6,72.9,0.19939881395246467,0.6999999999999886,-0.008938594053903874,4.1,4.1,4.1,0.0,0.0,0.0,4647749512.533334,3253521561.6,1554564.062877419,371480.14830218983,704.1166666666667,705.0,703.0,0.9404590777041594,343.1166666666667,1959.6,0
40.156666666666666,48.9,37.6,2.276212038220045,-0.017771603223117553,11.299999999999997,5.181141242937852,73.21666666666667,73.4,72.9,0.176756719400162,0.5,0.0066740761322588915,4.1,4.1,4.1,0.0,0.0,0.0,4656575419.733334,3254311543.4666667,6903171.899378091,398016.7545537165,703.7666666666667,707.0,703.0,0.9977375536626355,342.76666666666665,1970.15,0
38.866666666666674,42.3,35.8,1.4661914998131365,-0.01647679911086416,6.5,2.1497175141242946,73.26166666666668,73.4,73.0,0.12225517446560731,0.4000000000000057,-0.005109752709085926,4.1,4.1,4.1,0.0,0.0,0.0,4663825920.0,3255026329.6,788171.6465072605,320934.1600994704,705.5166666666667,707.0,703.0,1.3465796805826948,344.51666666666665,1960.5666666666666,0
38.91166666666666,42.3,35.8,1.595341912948143,0.033728813559322036,6.5,2.54511581920904,73.14166666666668,73.4,73.0,0.11091555295361401,0.4000000000000057,-0.0021589330369547913,4.1,4.1,4.1,0.0,0.0,0.0,4665386871.466666,3255687287.4666667,772514.6953997214,343643.1242340487,705.7,707.0,705.0,0.7657941485582805,344.7,1956.7833333333333,0
39.541666666666664,47.7,36.3,1.978382464323126,0.03742984162267297,11.400000000000006,3.9139971751412452,73.08833333333335,73.2,73.0,0.07152495514881231,0.20000000000000284,-0.0016810225062517206,4.1,4.1,4.1,0.0,0.0,0.0,4666968012.8,3256411921.0666666,774057.5925950169,360188.12778888654,704.1,705.0,703.0,0.9333736875860418,343.1,1949.8166666666666,0
39.74833333333333,47.7,37.2,2.1405283417700653,-0.002509030286190605,10.5,4.581861581920905,73.12166666666668,73.4,73.0,0.09404590777041757,0.4000000000000057,0.0028869130313976072,4.1,4.1,4.1,0.0,0.0,0.0,4668565896.533334,3257128840.5333333,824106.7767156098,358492.67324208043,703.9,706.0,703.0,0.9513594198633406,342.9,1946.6833333333334,0
40.586666666666666,50.9,37.2,3.1402508086525405,0.04166712975826618,13.699999999999996,9.861175141242935,73.22666666666666,73.5,73.0,0.13884104637387634,0.5,0.003751041956098973,4.1,4.1,4.1,0.0,0.0,0.0,4680398711.466666,3257933994.6666665,15900387.102711748,463245.29441413237,705.0,706.0,704.0,0.759125277171481,344.0,1969.6666666666667,0
40.57166666666667,50.9,36.7,3.11045757529075,-0.08737149208113362,14.199999999999996,9.674946327683612,73.34333333333333,73.5,73.0,0.11103010229581757,0.5,0.0027396499027508795,4.1,4.1,4.1,0.0,0.0,0.0,4703109632.0,3258811596.8,11390971.232734453,396517.69996053545,705.2,706.0,705.0,0.4033755872716887,344.2,1974.7833333333333,0
39.118333333333325,42.9,36.2,1.5668701033920949,-0.008749652681300379,6.699999999999996,2.4550819209039543,73.31333333333332,73.5,72.8,0.17317245902559714,0.7000000000000028,-0.00513475965545992,4.1,4.1,4.1,0.0,0.0,0.0,4709582148.266666,3259553143.4666667,806238.8573020134,360583.56608328375,704.1833333333333,705.0,703.0,0.8923719424185295,343.18333333333334,1956.9666666666667,0
39.11333333333333,45.0,33.7,2.797666501409227,0.04649069185884973,11.299999999999997,7.826937853107344,73.20166666666665,73.6,72.8,0.20788822507370258,0.7999999999999972,0.001225340372325598,4.1,4.1,4.1,0.0,0.0,0.0,4711256558.933333,3260318651.733333,822490.5517746521,382525.0773942188,703.9833333333333,706.0,703.0,0.9111673768855889,342.98333333333335,1956.1833333333334,0
39.011666666666656,45.0,33.7,2.681897359394591,0.009711030841900494,11.299999999999997,7.192573446327682,73.38833333333334,73.7,73.0,0.17764148494971993,0.7000000000000028,0.005971103084190103,4.1,4.1,4.1,0.0,0.0,0.0,4712857719.466666,3261047364.266667,772979.2683196941,341019.30279388785,705.05,706.0,704.0,0.7903013799725018,344.05,1959.1,0
39.24833333333333,43.8,36.4,1.9605854942404288,0.051639344262295085,7.399999999999999,3.8438954802259864,73.39166666666667,73.6,73.0,0.17003655306589496,0.5999999999999943,-0.004748541261461629,4.1,4.1,4.1,0.0,0.0,0.0,4714357043.2,3261723511.4666667,730570.7486728673,338111.4115237139,705.6166666666667,706.0,705.0,0.4903014177278999,344.6166666666667,1964.1166666666666,0
40.94666666666667,48.5,36.4,3.471358190048359,0.038755209780494605,12.100000000000001,12.05032768361582,73.35333333333331,73.7,73.0,0.21110417274751436,0.7000000000000028,0.001522645179216473,4.1,4.1,4.1,0.0,0.0,0.0,4738886297.6,3262540288.0,28137910.146285504,476501.65865334595,705.55,706.0,704.0,0.5652358139960072,344.55,1990.7333333333333,0
40.62333333333333,48.3,36.3,3.2930520934834115,-0.02399555432064462,12.0,10.84419209039548,73.35999999999997,73.7,72.9,0.2618059832802813,0.7999999999999972,-0.008224506807446432,4.1,4.1,4.1,0.0,0.0,0.0,4774371498.666667,3263390651.733333,7779507.231385321,347762.51964001,704.75,706.0,704.0,0.8361534203559066,343.75,1981.1833333333334,0
40.316666666666656,43.9,35.3,1.9829071849067477,0.04804667963323145,8.600000000000001,3.931920903954803,73.31166666666667,73.7,72.8,0.26939459223912177,0.9000000000000057,0.0036982495137538336,4.1,4.1,4.1,0.0,0.0,0.0,4778396518.4,3264097228.8,1091740.6777372903,342894.3826122122,704.9666666666667,706.0,704.0,0.7356921488320419,343.96666666666664,1955.3,0
41.495000000000005,44.8,38.1,1.549786754057101,-0.009444290080577941,6.699999999999996,2.4018389830508458,73.49833333333332,73.8,73.2,0.15675919854248804,0.5999999999999943,0.002497916087802193,4.1,4.1,4.1,0.0,0.0,0.0,4780639129.6,3264791637.3333335,1173425.5125170948,353992.57453912246,704.5833333333334,706.0,704.0,0.6186827632817331,343.5833333333333,1955.4,0
41.05,49.5,37.7,2.33314365653594,-0.0073020283412059015,11.799999999999997,5.443559322033897,73.44166666666666,73.8,73.1,0.2286968733651725,0.7000000000000028,-0.004487357599333151,4.1,4.1,4.1,0.0,0.0,0.0,4782704349.866667,3265495671.4666667,893033.5443350618,349729.88266091276,703.25,704.0,702.0,0.8361534203559066,342.25,1952.4833333333333,0
42.71666666666667,63.5,33.8,5.659135906570857,0.0669352597943873,29.700000000000003,32.02581920903955,73.48333333333335,74.0,73.1,0.2164166310432042,0.9000000000000057,0.009397054737427045,4.1,4.1,4.1,0.0,0.0,0.0,4784407739.733334,3266237900.8,848614.0080681881,393840.6078725035,703.1,705.0,702.0,0.8376723197374002,342.1,1990.15,0
41.516666666666666,57.0,33.8,3.3596895874907533,-0.060550152820227805,23.200000000000003,11.28751412429379,73.54833333333335,74.0,73.2,0.17706808674809943,0.7999999999999972,-0.0024367879966657228,4.1,4.1,4.1,0.0,0.0,0.0,4786038169.6,3267009843.2,780331.279301541,371497.4417046662,704.1666666666666,705.0,703.0,0.8470620545708475,343.1666666666667,1991.9166666666667,0
39.339999999999996,45.6,32.3,3.0219647890802235,-0.02814670741872742,13.300000000000004,9.13227118644068,73.51000000000002,73.7,73.2,0.14694631788167603,0.5,0.0025284801333703213,4.1,4.1,4.1,0.0,0.0,0.0,4787584170.666667,3267739357.866667,776027.2194543543,354706.47375835077,704.3833333333333,705.0,704.0,0.4903014177278999,343.3833333333333,1966.4,0
40.84833333333333,50.6,32.3,4.756743354926012,0.16133648235621006,18.300000000000004,22.626607344632774,73.65166666666664,74.0,73.2,0.18910284769312719,0.7999999999999972,0.007543762156154524,4.1,4.1,4.1,0.0,0.0,0.0,4795138594.133333,3268491349.3333335,6942519.437445707,391380.49755118415,703.0,704.0,702.0,1.0084389681792214,342.0,1966.1833333333334,0
39.998333333333335,45.6,28.1,5.387477371588537,-0.14458182828563487,17.5,29.02491242937854,73.685,74.0,73.3,0.1839537524783013,0.7000000000000028,-0.006410113920533531,4.1,4.1,4.1,0.0,0.0,0.0,4803541213.866667,3269215522.133333,780018.4147018683,328900.5116094091,702.7666666666667,705.0,702.0,0.9977375536626354,341.76666666666665,1956.85,0
35.288333333333334,44.1,27.9,4.587606431284357,-0.042509030286190644,16.200000000000003,21.046132768361588,73.61,73.9,73.3,0.17242045574502643,0.6000000000000085,-8.891358710748374e-05,4.1,4.1,4.1,0.0,0.0,0.0,4805130018.133333,3269900680.5333333,760844.9781010197,333505.1103412221,704.4166666666666,705.0,703.0,0.8885651482017907,343.4166666666667,1963.5833333333333,0
38.726666666666674,45.4,32.3,3.603146772845462,0.13804945818282852,13.100000000000001,12.982666666666667,73.82666666666667,74.4,73.4,0.2717592819843184,1.0,0.01099194220616832,4.1,4.1,4.1,0.0,0.0,0.0,4806692437.333333,3270557952.0,796474.9766975173,324257.0849848118,704.5,705.0,704.0,0.5042194840896107,343.5,1960.55,0
39.495000000000005,45.8,28.5,4.444551987870247,-0.13162267296471236,17.299999999999997,19.754042372881358,73.95333333333333,74.4,73.6,0.2403857540172944,0.8000000000000114,-0.004717977215893301,4.1,4.1,4.1,0.0,0.0,0.0,4808284125.866667,3271236505.6,756929.0622711128,340584.65845536743,703.5,712.0,702.0,1.3212731405218252,342.5,1956.2166666666667,0
39.19000000000001,46.9,28.5,4.41544669218477,0.1418671853292581,18.4,19.496169491525425,73.97666666666667,74.4,73.6,0.27019557679117184,0.8000000000000114,0.006290636287857747,4.1,4.1,4.1,0.0,0.0,0.0,4809836629.333333,3271907379.2,803665.5991025348,328996.21348914737,708.3666666666667,712.0,702.0,4.49091990375256,347.3666666666667,1974.8333333333333,0
40.49833333333333,46.9,36.1,2.487629847844531,-0.06190886357321474,10.799999999999997,6.188302259887005,74.015,74.4,73.5,0.2563267247684266,0.9000000000000057,-0.006032231175326456,4.1,4.1,4.1,0.0,0.0,0.0,4811422208.0,3272569446.4,793609.3833452922,341081.67094994534,709.4166666666666,712.0,705.0,3.284744742380885,348.4166666666667,1976.3,0
38.191666666666656,44.1,29.8,4.0942825644444865,-0.12045290358432892,14.3,16.76314971751412,73.73166666666665,74.2,73.4,0.2671200242299941,0.7999999999999972,-0.01122256182272851,4.1,4.1,4.1,0.0,0.0,0.0,4813033437.866667,3273278429.866667,788571.3267353401,349626.44695642195,704.8333333333334,712.0,704.0,1.7287858644065064,343.8333333333333,1961.9666666666667,0
36.55166666666667,44.6,29.8,4.2527953585355975,0.06352597943873294,14.8,18.08626836158192,73.62833333333332,74.2,73.4,0.19053151940559748,0.7999999999999972,0.005193109196999106,4.1,4.1,4.1,0.0,0.0,0.0,4814568294.4,3273960772.266667,750733.5410930715,335085.8558859847,703.4666666666667,704.0,703.0,0.5030977485864634,342.46666666666664,1959.3166666666666,0
40.19666666666667,56.2,30.9,5.958385820163119,0.2101083634342873,25.300000000000004,35.502361581920916,73.775,74.5,73.2,0.28737561789879124,1.2999999999999972,0.00562656293414837,4.1,4.1,4.1,0.0,0.0,0.0,4820522717.866667,3274696652.8,7992948.679389835,445295.4205730721,703.6166666666667,707.0,703.0,1.2225517446560623,342.55,2016.8166666666666,0
39.061666666666675,56.2,28.3,6.737099201415808,-0.21737982772992498,27.900000000000002,45.38850564971752,73.94666666666667,74.5,73.2,0.32545491846767677,1.2999999999999972,0.004995832175604421,4.1,4.1,4.1,0.0,0.0,0.0,4831775931.733334,3275569817.6,6386904.036911795,420036.1534665271,705.8833333333333,707.0,703.0,1.5632611140607522,344.81666666666666,2040.3,0
35.84333333333333,41.5,29.6,3.7268774891602,0.046913031397610445,11.899999999999999,13.889615819209038,73.91166666666666,74.4,73.5,0.2147854007179768,0.9000000000000057,-0.005787718810780832,4.1,4.1,4.1,0.0,0.0,0.0,4835809604.266666,3276320460.8,769031.2564478936,333418.46070904116,705.9166666666666,707.0,705.0,0.9793056458647622,344.9166666666667,1985.3833333333334,0
36.73333333333334,41.5,29.0,3.674634383596189,-0.022383995554320687,12.5,13.502937853107344,73.72500000000004,74.1,73.3,0.24190276797205487,0.7999999999999972,-0.0019310919699917117,4.1,4.1,4.1,0.0,0.0,0.0,4837355161.6,3276985497.6,776095.9370992346,334392.57874110393,704.4666666666667,705.0,704.0,0.5030977485864634,343.46666666666664,1968.4166666666667,0
37.463333333333345,42.0,29.0,3.696905103547123,-0.030441789385940547,13.0,13.667107344632765,73.94166666666665,74.4,73.4,0.26315663098120556,1.0,0.0072881355932204045,4.1,4.1,4.1,0.0,0.0,0.0,4838963677.866667,3277664631.4666667,834181.0641400012,350534.36105753714,704.3333333333334,706.0,704.0,0.7516460280028289,343.3333333333333,1960.2833333333333,0
37.368333333333325,42.0,31.4,3.105407621742296,-0.047654904140038874,10.600000000000001,9.643556497175142,73.95499999999998,74.4,73.8,0.16613757827551953,0.6000000000000085,-0.005498749652681313,4.1,4.1,4.1,0.0,0.0,0.0,4840610030.933333,3278352622.9333334,808592.0664986379,342018.14956528734,705.5,706.0,704.0,0.873333764609373,344.5,1964.7166666666667,0
36.36,45.6,30.4,3.9324034139657513,-0.057549319255348695,15.200000000000003,15.463796610169496,73.93166666666669,74.1,73.8,0.10655096125625813,0.29999999999999716,0.003848291191997769,4.1,4.1,4.1,0.0,0.0,0.0,4849652292.266666,3279100757.3333335,9874971.395809498,393386.8178878835,705.4166666666666,706.0,705.0,0.4971671160112441,344.4166666666667,1979.95,0
38.01499999999999,45.6,30.4,4.092234274321572,0.049716587941094736,15.200000000000003,16.746381355932204,74.06666666666665,74.4,73.8,0.12577443714661574,0.6000000000000085,0.0016449013614893353,4.1,4.1,4.1,0.0,0.0,0.0,4862679825.066667,3279861981.866667,3926759.87325847,359689.4621527168,703.9666666666667,705.0,703.0,0.9736645207000493,342.96666666666664,1966.3833333333334,0
38.76666666666668,42.4,35.3,1.7907168024751057,-0.024884690191719922,7.100000000000001,3.2066666666666666,73.92333333333333,74.4,73.7,0.20115485784876821,0.7000000000000028,-0.008557932759099733,4.1,4.1,4.1,0.0,0.0,0.0,4865298005.333333,3280581768.5333333,803948.191848178,358952.50768130005,703.7833333333333,706.0,703.0,0.9404590777041594,342.78333333333336,1954.7666666666667,0
39.518333333333324,42.1,36.0,1.39909070551551,0.048393998332870274,6.100000000000001,1.9574548022598872,73.85166666666666,74.2,73.7,0.11859583361742745,0.5,0.005798833009169243,4.1,4.1,4.1,0.0,0.0,0.0,4866871193.6,3281256038.4,777724.3282804615,316179.4271558209,705.4,706.0,704.0,0.9242495810848892,344.4,1967.7666666666667,0
40.721666666666685,48.5,38.4,2.3838504436841474,0.02271464295637672,10.100000000000001,5.682742937853106,74.08333333333331,74.4,73.9,0.15089188706461487,0.5,0.00644067796610157,4.1,4.1,4.1,0.0,0.0,0.0,4868445184.0,3281908821.3333335,797844.9819754823,339652.74389850785,705.4166666666666,706.0,705.0,0.4971671160112441,344.4166666666667,1966.2333333333333,0
40.39166666666665,47.3,37.2,2.1662505032746906,0.026576826896360126,10.099999999999994,4.69264124293785,74.15333333333335,74.4,74.0,0.09823297569617197,0.4000000000000057,-0.0016171158655182438,4.1,4.1,4.1,0.0,0.0,0.0,4869992209.066667,3282579063.4666667,753666.5790179406,329173.76632212626,704.5,705.0,703.0,0.5674803065350239,343.5,1965.7166666666667,0
41.05666666666666,44.9,37.0,1.5459478653110803,0.012920255626562925,7.899999999999999,2.389954802259886,74.27000000000001,74.7,74.0,0.19160340395405287,0.7000000000000028,0.005479299805501506,4.1,4.1,4.1,0.0,0.0,0.0,4871606476.8,3283265792.0,811424.4091741093,340004.83361828345,704.2,706.0,703.0,0.7546466228796951,343.2,1960.6333333333334,0
41.510000000000005,46.2,37.2,2.082998165129341,0.008113364823562088,9.0,4.338881355932203,73.76333333333334,74.7,71.9,0.7925429286703088,2.799999999999997,-0.03394276187829954,4.1,4.1,4.1,0.0,0.0,0.0,4880806126.933333,3284011315.2,11560819.717969315,414067.28041449696,705.3666666666667,706.0,704.0,0.9013486442720561,344.3666666666667,1979.0666666666666,0
40.855000000000004,46.2,33.6,2.9381433662566505,-0.0684106696304529,12.600000000000001,8.632686440677963,73.11500000000002,74.3,71.9,0.4083140200667253,2.3999999999999915,0.0062434009447067795,4.1,4.1,4.1,0.0,0.0,0.0,4896911616.0,3284791210.6666665,7377192.366645765,351500.5748200169,705.35,706.0,705.0,0.4809947319913076,344.35,1973.2166666666667,0
39.62333333333333,42.8,33.6,2.2269053290682943,0.027263128646846376,9.199999999999996,4.959107344632768,73.17333333333335,73.8,73.0,0.14245625753449606,0.7999999999999972,-0.001928313420394506,4.1,4.1,4.1,0.0,0.0,0.0,4901259298.133333,3285480516.266667,777166.2050966889,343336.5477370498,704.5,705.0,703.0,0.5674803065350239,343.5,1957.5,0
40.15500000000001,44.6,37.3,1.4628072616533474,0.005687691025284736,7.300000000000004,2.1398050847457646,73.23333333333332,73.5,73.1,0.09507653770830668,0.4000000000000057,0.004162267296471281,4.1,4.1,4.1,0.0,0.0,0.0,4902779204.266666,3286172689.0666666,747301.5565542482,350476.0765752617,704.2666666666667,706.0,703.0,0.8206377566768518,343.26666666666665,1955.8333333333333,0
39.43666666666665,42.7,33.4,2.469266457099799,-0.03193664906918582,9.300000000000004,6.097276836158194,73.38666666666664,73.8,73.2,0.1512284910232702,0.5999999999999943,0.003684356765768317,4.1,4.1,4.1,0.0,0.0,0.0,4904294877.866667,3286872627.2,766245.9611262919,347519.9693953853,705.3666666666667,706.0,704.0,0.8629210672834347,344.3666666666667,1960.2333333333333,1
37.72166666666667,46.8,29.2,3.977994199732743,-0.13728535704362327,17.599999999999998,15.824437853107348,73.68000000000002,74.2,73.3,0.2754349411016344,0.9000000000000057,0.010086135037510381,4.1,4.1,4.1,0.0,0.0,0.0,4906338133.333333,3287607415.4666667,1233589.4968680937,369908.70936340105,705.2666666666667,706.0,705.0,0.4459484908564835,344.26666666666665,1954.6333333333334,1
36.663333333333334,41.3,29.2,3.1363352611059447,0.0551041956098916,12.099999999999998,9.836598870056495,73.88333333333334,74.2,73.6,0.15531997226793137,0.6000000000000085,-0.0027452070019449424,4.1,4.1,4.1,0.0,0.0,0.0,4908498653.866667,3288369288.5333333,835015.9763781538,388654.10100889544,703.9666666666667,705.0,703.0,0.9736645207000493,342.96666666666664,1949.95,1
39.01500000000001,41.7,36.3,1.3118527459736653,0.03397888302306197,5.400000000000006,1.7209576271186457,74.04333333333334,74.4,73.7,0.18628087655943448,0.7000000000000028,0.009180327868852428,4.1,4.1,4.1,0.0,0.0,0.0,4910109832.533334,3289138449.0666666,786587.5657812097,375425.3772633803,703.8333333333334,706.0,703.0,0.9771398364036775,342.8333333333333,1952.7166666666667,1
38.66333333333332,41.7,34.8,1.3240880029469428,-0.038877465962767414,6.900000000000006,1.7532090395480233,74.15,74.4,73.9,0.129536330876512,0.5,-0.003945540427896655,4.1,4.1,4.1,0.0,0.0,0.0,4911655441.066667,3289858560.0,759936.5327682699,341351.3859180938,704.75,706.0,704.0,0.7507058825091877,343.75,1960.9333333333334,1
39.29500000000001,47.2,34.5,3.005668373736756,0.0689774937482634,12.700000000000003,9.034042372881357,74.13166666666666,74.4,73.9,0.12952542668600653,0.5,0.00455959988885805,4.1,4.1,4.1,0.0,0.0,0.0,4915035955.2,3290543667.2,3861097.3006941197,355313.1408606084,704.2666666666667,705.0,704.0,0.4459484908564835,343.26666666666665,1964.5833333333333,1
39.38333333333333,47.2,34.5,3.0706465209296185,-0.05139205334815224,12.700000000000003,9.428870056497171,74.26833333333335,74.5,74.0,0.1065509612562598,0.5,0.0022811892192275847,4.1,4.1,4.1,0.0,0.0,0.0,4923255910.4,3291244953.6,5738230.119479578,351714.5833701343,703.2833333333333,704.0,702.0,0.8252717408997374,342.28333333333336,1963.95,1
34.61,43.1,24.0,6.197038658552425,-0.2533203667685468,19.1,38.403288135593236,74.14666666666663,74.6,73.8,0.2606814190921305,0.7999999999999972,-0.011736593498193929,4.1,4.1,4.1,0.0,0.0,0.0,4930251878.4,3291941085.866667,2532708.0712525947,352315.3831433415,703.0166666666667,705.0,702.0,0.8923719424185295,342.01666666666665,1950.3,1
38.625,54.8,24.0,9.928039815405214,0.40438177271464293,30.799999999999997,98.56597457627117,74.38166666666663,75.2,72.5,0.6865516057403347,2.700000000000003,0.014829119199777738,4.1,4.1,4.1,0.0,0.0,0.0,4932531046.4,3292677597.866667,908697.5688046966,402283.2311325226,705.3333333333334,713.0,703.0,2.9149914478850425,344.3333333333333,1976.6,1
45.173333333333325,54.8,33.1,4.510547588488851,0.006235065295915566,21.699999999999996,20.34503954802259,74.4983333333333,75.7,72.5,0.7381818403202095,3.200000000000003,-0.00020283412058906704,4.1,4.1,4.1,0.0,0.0,0.0,4934421316.266666,3293504034.133333,966191.8470447039,416098.8956081892,710.4,715.0,704.0,4.00508151803452,349.4,2019.6,1
35.848333333333336,54.7,25.1,8.835799517154326,-0.420252848013337,29.6,78.07135310734462,74.40833333333336,75.7,74.0,0.48338203534098884,1.7000000000000028,-0.012684078910808676,4.1,4.1,4.1,0.0,0.0,0.0,4936128102.4,3294267989.3333335,786700.2751456732,360103.09744127764,708.5833333333334,715.0,704.0,3.9969974606653147,347.5833333333333,1995.5333333333333,1
31.741666666666674,43.2,25.1,5.203561090503201,0.15150041678243956,18.1,27.077048022598863,74.48166666666665,75.3,74.0,0.40900526981258434,1.2999999999999972,0.011600444567935585,4.1,4.1,4.1,0.0,0.0,0.0,4937741550.933333,3294994193.0666666,821791.1858376615,367679.4653429951,704.25,705.0,703.0,0.8361534203559066,343.25,1961.6666666666667,1
33.36166666666667,42.6,27.8,3.228427316489115,-0.07397888302306199,14.8,10.422742937853108,74.56666666666668,75.2,74.5,0.129754222251495,0.7000000000000028,-0.002634065018060587,4.1,4.1,4.1,0.0,0.0,0.0,4939362645.333333,3295700565.3333335,760320.1704426372,319019.7861323884,704.2166666666667,705.0,703.0,0.8252717408997376,343.21666666666664,1959.7,1
33.17,40.0,27.8,2.5301102005878406,0.03034731869963878,12.2,6.401457627118643,74.57166666666667,74.7,74.5,0.06661721329614861,0.20000000000000284,0.0003417616004445568,4.1,4.1,4.1,0.0,0.0,0.0,4940835652.266666,3296334028.8,705872.0303683484,313985.61468833813,704.2,705.0,704.0,0.4033755872716887,343.2,1949.6833333333334,1
31.948333333333334,38.3,25.3,3.1018032845135757,-0.10932203389830508,12.999999999999996,9.621183615819207,74.4683333333333,74.7,74.3,0.09827610131865615,0.4000000000000057,-0.004865240344539958,4.1,4.1,4.1,0.0,0.0,0.0,4942253431.466666,3296984166.4,708762.5303695493,333118.2464168501,702.9333333333333,704.0,702.0,1.0061954971729268,341.93333333333334,1946.9666666666667,1
29.81166666666667,35.8,25.3,2.84343380777697,-0.027693803834398407,10.499999999999996,8.085115819209038,74.44333333333334,74.6,74.3,0.06474635430261605,0.29999999999999716,0.0027340928035564037,4.1,4.1,4.1,0.0,0.0,0.0,4943678122.666667,3297646899.2,730189.1888421254,331849.93124801945,702.9166666666666,705.0,702.0,1.093767655224737,341.9166666666667,1950.4333333333334,1
30.408333333333342,41.1,24.8,3.8885443081130235,0.014251180883578749,16.3,15.120776836158193,74.405,74.6,74.2,0.10484047607545868,0.3999999999999915,-0.005148652403445383,4.1,4.1,4.1,0.0,0.0,0.0,4953256123.733334,3298382728.5333333,13185934.727008779,394681.9720192434,704.0166666666667,705.0,703.0,0.6762726024084975,343.01666666666665,1975.7,1
30.22833333333333,46.6,23.9,5.156338592801662,-0.08479299805501528,22.700000000000003,26.587827683615824,74.21833333333333,74.6,73.8,0.2361353150328216,0.7999999999999972,-0.009171992220061178,4.1,4.1,4.1,0.0,0.0,0.0,4972262365.866667,3299124309.3333335,10239793.741702164,345603.38974692504,704.0666666666667,705.0,704.0,0.25154887429323164,343.06666666666666,1982.9166666666667,1
28.193333333333335,46.6,23.7,4.1662024600171685,-0.10282300639066407,22.900000000000002,17.35724293785311,73.71833333333338,74.6,73.1,0.4131284803096228,1.5,-0.021758821894970897,4.1,4.1,4.1,0.0,0.0,0.0,4978173354.666667,3299772364.8,700979.9243043878,315006.29481559707,703.1666666666666,704.0,702.0,0.8470620545708474,342.1666666666667,1964.8333333333333,1
28.48166666666667,41.1,23.7,2.8686199166129867,0.07605723812170047,17.400000000000002,8.2289802259887,73.47000000000001,74.3,73.1,0.3284787741768793,1.2000000000000028,0.009691580994720816,4.1,4.1,4.1,0.0,0.0,0.0,4979689540.266666,3300417860.266667,791868.527926321,316423.9752967081,703.0333333333333,705.0,702.0,0.9909192217102271,342.03333333333336,1957.4333333333334,0
29.750000000000004,58.4,6.8,11.98321566304799,-0.2096637954987496,51.6,143.59745762711867,69.44666666666667,75.0,60.1,6.194433440575296,14.899999999999999,-0.28125590441789383,4.1,4.1,4.1,0.0,0.0,0.0,4981226632.533334,3301104418.133333,786803.4934248888,399479.56410392246,698.7333333333333,706.0,685.0,7.821887298085724,342.3,1981.7,0
19.57333333333333,58.4,6.8,10.954696642585473,-0.37922200611280904,51.6,120.00537853107343,59.609999999999985,74.0,48.2,7.113551164467119,25.799999999999997,-0.2917310363989998,4.1,4.1,4.1,0.0,0.0,0.0,4989548475.733334,3302082747.733333,7266013.915500859,508703.26584851474,685.9,700.0,669.0,9.825080324853863,339.7,1853.9333333333334,0
12.435000000000002,27.9,5.0,5.662209696228832,-0.0023423173103639967,22.9,32.060618644067794,51.705,65.2,48.2,5.513202182496553,17.0,-0.1524395665462629,4.1,4.1,4.1,0.0,0.0,0.0,4997303330.133333,3302812808.5333333,343595.53407603956,221413.80386770912,673.6833333333333,693.0,669.0,7.898705464985946,332.5,1556.15,0
10.581666666666669,23.2,1.7,5.522265921155446,-0.08325923867741039,21.5,30.495420903954805,50.49166666666667,52.4,48.4,1.2499887005139,4.0,0.019369269241455947,4.1,4.1,4.1,0.0,0.0,0.0,4997799850.666667,3303225190.4,238331.6524329331,207189.9235390285,662.4833333333333,670.0,655.0,6.919615122702107,322.48333333333335,1425.5833333333333,0
5.116666666666666,17.0,1.7,4.1055219807551,-0.14673520422339537,15.3,16.85531073446328,50.06833333333335,51.3,49.6,0.5570782334574642,1.6999999999999957,-0.023353709363712154,4.1,4.1,4.1,0.0,0.0,0.0,4998266675.2,3303649314.133333,215183.7417244518,201983.28490059805,657.4666666666667,658.0,655.0,1.0490781533095679,317.46666666666664,1384.75,0
2.83,4.1,1.9,0.5459558559170964,-0.0014504028896915814,2.1999999999999997,0.29806779661016936,49.92666666666667,50.4,49.7,0.23854549839026526,0.6999999999999957,0.009558210614059455,4.1,4.1,4.1,0.0,0.0,0.0,4998650794.666667,3304024268.8,179869.06600670473,178283.87336490426,657.1166666666667,658.0,656.0,0.9036961141150639,317.1166666666667,1367.2,0
5.6016666666666675,12.8,2.2,3.5763579460384123,0.06445957210336203,10.600000000000001,12.790336158192092,50.58666666666667,51.3,49.8,0.4435857995719894,1.5,0.019249791608780223,4.1,4.1,4.1,0.0,0.0,0.0,4999039744.0,3304391219.2,202611.2300225588,185760.83357059062,656.8,658.0,656.0,0.731842346642351,316.6166666666667,1379.2333333333333,0
5.031666666666665,11.6,1.8,2.567495097063737,-0.08883300916921366,9.799999999999999,6.5920310734463285,51.116666666666674,51.4,50.7,0.21405421985923995,0.6999999999999957,0.011114198388441203,4.1,4.1,4.1,0.0,0.0,0.0,4999420876.8,3304753800.5333333,176760.39907565,175206.32611977428,657.9333333333333,659.0,657.0,0.634239613242227,317.1666666666667,1375.7666666666667,0
4.0183333333333335,11.4,1.8,2.196105309650119,-0.009877743817727144,9.6,4.822878531073446,51.46833333333333,51.7,51.2,0.16311757916536362,0.5,0.008788552375659961,4.1,4.1,4.1,0.0,0.0,0.0,4999792537.6,3305121536.0,183217.65855417587,180460.28270705958,658.7666666666667,659.0,658.0,0.4265218680850986,317.76666666666665,1374.4833333333333,0
3.308333333333334,4.5,2.4,0.6219956037412533,0.0020978049458182805,2.1,0.3868785310734462,51.664999999999985,51.8,51.5,0.06057632809459292,0.29999999999999716,0.0026757432620172455,4.1,4.1,4.1,0.0,0.0,0.0,5000159027.2,3305482086.4,180219.04954680163,177474.97987682084,658.1666666666666,659.0,657.0,0.9051016735969625,317.1666666666667,1369.3333333333333,0
3.4133333333333327,4.8,2.6,0.6867922654043279,0.0034731869963878846,2.1999999999999997,0.47168361581920887,51.82833333333333,52.1,51.7,0.13288413031809043,0.3999999999999986,0.007110308419005213,4.1,4.1,4.1,0.0,0.0,0.0,5000555042.133333,3305841988.266667,242423.55998886915,179708.05572634924,657.6333333333333,658.0,657.0,0.48596110141697085,316.6333333333333,1367.6,0
3.3616666666666664,4.8,2.6,0.694064830329678,-0.002042233953876075,2.1999999999999997,0.4817259887005647,52.105,52.3,51.8,0.14429841959739256,0.5,0.007460405668241197,4.1,4.1,4.1,0.0,0.0,0.0,5001087948.8,3306209348.266667,297802.8065340429,183953.02597129377,658.0,659.0,657.0,0.4871223004474547,317.0,1368.3,0
3.24,4.6,2.4,0.5545497486509335,-0.0022283967768824673,2.1999999999999997,0.30752542372881353,52.32666666666667,52.5,52.1,0.10714581647782788,0.3999999999999986,0.0049624895804389795,4.1,4.1,4.1,0.0,0.0,0.0,5001545847.466666,3306582118.4,179703.96136994232,178518.6695913087,658.5833333333334,659.0,657.0,0.6960339624157418,317.5833333333333,1372.0666666666666,0
4.266666666666667,10.0,2.4,2.2035923418453667,0.043656571269797155,7.6,4.855819209039548,52.63666666666668,53.1,52.3,0.25575853725444103,0.8000000000000043,0.011908863573214785,4.1,4.1,4.1,0.0,0.0,0.0,5001911347.2,3306942907.733333,182955.4419074561,179823.12190216128,658.1666666666666,659.0,657.0,0.9051016735969625,317.1666666666667,1376.9666666666667,0
4.471666666666667,10.0,2.6,2.0887991576271654,-0.06467629897193664,7.4,4.363081920903955,53.083333333333336,53.4,52.6,0.2401741364493874,0.7999999999999972,0.010941928313420368,4.1,4.1,4.1,0.0,0.0,0.0,5002280482.133333,3307310421.3333335,185933.54444007602,186810.78139201115,657.0833333333334,658.0,657.0,0.27871780678530217,316.0833333333333,1382.3333333333333,0
3.4466666666666663,5.4,2.7,0.7028915258950994,-0.007685468185607113,2.7,0.4940564971751412,53.446666666666665,53.7,53.0,0.16412755133537077,0.7000000000000028,0.008146707418727467,4.1,4.1,4.1,0.0,0.0,0.0,5002648046.933333,3307678446.9333334,179456.08892540328,178305.9093395931,657.3333333333334,659.0,657.0,0.7516460280028289,316.3333333333333,1374.1166666666666,0
3.3583333333333334,5.4,2.6,0.6510204940060023,-0.0008530147263128651,2.8000000000000003,0.42382768361581924,53.66333333333332,53.9,53.5,0.10571254061339061,0.3999999999999986,0.004378994165045857,4.1,4.1,4.1,0.0,0.0,0.0,5003011191.466666,3308040413.866667,183914.68787673127,182587.2632407437,658.5,659.0,657.0,0.873333764609373,317.5,1380.2,0
3.505,6.1,2.3,0.851205525979259,0.007215893303695469,3.8,0.7245508474576271,53.786666666666655,54.0,53.6,0.11419084036208217,0.3999999999999986,0.0017560433453737098,4.1,4.1,4.1,0.0,0.0,0.0,5003385617.066667,3308411204.266667,180056.2169174937,177909.02650872894,658.1,659.0,657.0,0.8772066606129532,317.1,1378.4333333333334,0
4.03,10.7,2.3,1.8577642841849504,0.022789663795498745,8.399999999999999,3.451288135593221,53.91499999999999,54.1,53.6,0.1470904253183701,0.5,0.00577660461239235,4.1,4.1,4.1,0.0,0.0,0.0,5003748198.4,3308769211.733333,182186.54831840983,179047.23905007058,657.6333333333333,658.0,657.0,0.48596110141697085,316.6333333333333,1376.7,0
7.073333333333333,27.2,2.6,5.370852492591389,0.18740205612670185,24.599999999999998,28.84605649717514,54.40833333333333,56.6,53.8,0.6654402561186664,2.8000000000000043,0.025843289802722977,4.1,4.1,4.1,0.0,0.0,0.0,5004131225.6,3309135325.866667,202778.00593361587,187645.99900583326,658.8833333333333,674.0,657.0,3.645715696245815,317.6333333333333,1402.4,0
18.233333333333338,77.2,2.9,16.053656499553295,0.15240900250069467,74.3,257.71988700564975,59.75833333333334,64.3,54.1,4.30365598093759,10.199999999999996,0.226676854681856,4.1,4.1,4.1,0.0,0.0,0.0,5010248482.133333,3310227456.0,6687073.451239061,1192899.3569804933,679.5,696.0,657.0,17.300435969817716,334.98333333333335,1659.4333333333334,1
13.668333333333331,30.2,8.1,5.218594254078446,-0.13894692970269515,22.1,27.233725988700566,63.889999999999986,64.3,62.8,0.3297148228496543,1.5,0.0051569880522367145,4.1,4.1,4.1,0.0,0.0,0.0,5019491037.866667,3312282299.733333,2920589.954271426,1078271.8844860732,694.05,696.0,686.0,2.0701674377544883,347.76666666666665,1784.2833333333333,1
15.474999999999998,39.0,8.0,7.45002843812113,0.26083078632953594,31.0,55.50292372881356,64.71833333333333,68.0,63.4,1.4433355514655262,4.600000000000001,0.059930536260072255,4.1,4.1,4.1,0.0,0.0,0.0,5021488622.933333,3313487735.4666667,456065.21654952853,428448.27628506446,689.6333333333333,694.0,686.0,3.6590573328347493,343.6333333333333,1760.1166666666666,1
22.79,39.0,8.0,8.072651046295402,0.19005279244234508,31.0,65.16769491525423,66.52333333333331,68.0,64.0,1.2948878188000834,4.0,0.046385106974159554,4.1,4.1,4.1,0.0,0.0,0.0,5022372642.133333,3314777890.133333,473294.91453761514,859512.8160506808,690.8333333333334,693.0,686.0,2.888707802523748,344.98333333333335,1776.9166666666667,1
28.165000000000006,53.1,16.9,12.041085386630876,0.0029091414281744907,36.2,144.9877372881356,66.70833333333333,67.6,65.3,0.5195472822862934,2.299999999999997,-0.015323701028063385,4.1,4.1,4.1,0.0,0.0,0.0,5031891165.866667,3317066905.6,10327021.925706841,1397546.8977280373,692.3,693.0,688.0,1.3057889361465396,347.03333333333336,1835.0333333333333,1
22.743333333333332,50.4,16.9,9.39309819949258,-0.30446235065295907,33.5,88.23029378531075,66.47833333333332,66.7,65.3,0.2463920444089511,1.4000000000000057,0.008377327035287551,4.1,4.1,4.1,0.0,0.0,0.0,5045289011.2,3319413521.0666666,4364440.118002101,876249.2517162088,692.0833333333334,693.0,689.0,1.4296101953800076,347.0833333333333,1870.35,1
24.744999999999997,54.6,16.1,11.583381213574173,0.42014726312864686,38.5,134.1747203389831,66.82666666666667,67.8,66.4,0.48147607317451,1.3999999999999915,0.019316476799110777,4.1,4.1,4.1,0.0,0.0,0.0,5049153126.4,3321387776.0,4134367.642934934,1337689.6470291414,690.7,693.0,689.0,1.6803954336879527,345.7,1867.9666666666667,1
25.524999999999995,54.6,16.1,11.18829026183406,-0.27482356210058345,38.5,125.17783898305086,67.42166666666665,67.8,66.5,0.3840425765002774,1.2999999999999972,0.014351208669074788,4.1,4.1,4.1,0.0,0.0,0.0,5057623261.866667,3325943552.0,5995630.275382579,3313575.640312788,692.3833333333333,694.0,689.0,1.5847971229479043,347.3833333333333,1879.8333333333333,1
21.955,39.8,17.4,6.389409272182963,0.19157265907196439,22.4,40.82455084745762,67.61666666666666,67.9,67.3,0.14516696017924982,0.6000000000000085,0.0007557654904139711,4.1,4.1,4.1,0.0,0.0,0.0,5063234696.533334,3332738935.4666667,1137434.2093497245,3461393.383475855,692.85,694.0,690.0,1.0222109636651762,347.85,1878.95,1
36.44000000000001,60.6,17.4,13.791119717080534,0.6460516810225063,43.2,190.19498305084747,67.20833333333334,68.7,65.5,0.9206283165182028,3.200000000000003,-0.03227285357043619,4.1,4.1,4.1,0.0,0.0,0.0,5065660398.933333,3339477623.4666667,1461042.4994817434,3993186.600758404,691.5,693.0,690.0,1.0,346.5,1881.8666666666666,1
41.858333333333334,60.6,21.0,10.611511045400963,-0.3970964156710197,39.6,112.60416666666666,66.83666666666666,68.7,65.5,0.9090816126900132,3.200000000000003,0.012053348152264554,4.1,4.1,4.1,0.0,0.0,0.0,5070506410.666667,3346444458.6666665,3361937.488473638,2941665.523561749,691.45,692.0,690.0,0.6223247830459754,346.45,1894.2833333333333,0
27.729999999999993,51.7,20.2,9.182911543011818,-0.36770769658238406,31.500000000000004,84.32586440677969,67.00999999999999,67.9,66.6,0.3820994634908572,1.3000000000000114,-0.01421505973881638,4.1,4.1,4.1,0.0,0.0,0.0,5074526173.866667,3350317294.9333334,483060.0106608318,1273765.0785507981,691.4333333333333,692.0,689.0,1.0311531584387414,346.43333333333334,1871.75,0
23.043333333333333,27.7,20.2,2.3255665733333997,-0.00924701305918312,7.5,5.408259887005651,66.775,66.9,66.6,0.09676986503897479,0.30000000000001137,0.0023923312031120148,4.1,4.1,4.1,0.0,0.0,0.0,5075171140.266666,3353017958.4,285159.6393737938,1434255.4234044664,690.7666666666667,692.0,689.0,0.8309004033131699,345.76666666666665,1843.6833333333334,0
24.136666666666667,39.2,19.4,4.206651982747658,0.044895804390108374,19.800000000000004,17.695920903954804,66.91666666666669,67.8,66.6,0.2865142151451225,1.2000000000000028,0.008569046957488136,4.1,4.1,4.1,0.0,0.0,0.0,5076190259.2,3356086425.6,1094311.0013521905,1524298.592537222,688.6833333333333,693.0,684.0,2.534451879141448,343.68333333333334,1829.2333333333333,0
24.456666666666667,39.2,19.4,4.1239016685356855,0.05423173103639897,19.800000000000004,17.00656497175141,67.40833333333333,67.8,66.8,0.4130464194648922,1.0,0.015112531258682936,4.1,4.1,4.1,0.0,0.0,0.0,5078652928.0,3358828032.0,1616899.4019350007,1179032.8716354845,690.5,693.0,684.0,3.352206457781683,345.5,1822.9333333333334,0
24.823333333333334,33.3,21.0,2.89507862172838,0.026351764378994166,12.299999999999997,8.381480225988698,67.31166666666667,67.8,66.9,0.324738051758471,0.8999999999999915,-0.015523756599055383,4.1,4.1,4.1,0.0,0.0,0.0,5080174199.466666,3361137646.9333334,274425.0116658074,1138377.821786623,690.2666666666667,693.0,685.0,3.333785280096082,345.26666666666665,1807.45,0
27.608333333333334,45.6,21.5,5.464036245340571,0.14359266462906362,24.1,29.855692090395483,67.43833333333332,68.2,66.9,0.48750199188351684,1.2999999999999972,0.024731869963878887,4.1,4.1,4.1,0.0,0.0,0.0,5081200435.2,3363491191.4666667,1085969.6491457713,1240620.8336766956,686.7,690.0,685.0,1.239190550455814,341.7,1804.5166666666667,0
28.005000000000003,45.6,20.4,6.276386334805149,-0.14867185329258129,25.200000000000003,39.393025423728815,68.1,68.4,67.5,0.24005649052685138,0.9000000000000057,0.008124479021950577,4.1,4.1,4.1,0.0,0.0,0.0,5083038532.266666,3365984733.866667,1064015.743956379,1254018.8620263303,688.6333333333333,696.0,685.0,3.621810890189296,342.7,1824.8333333333333,0
26.666666666666668,48.9,20.4,5.870196678097593,0.1039066407335371,28.5,34.459209039548014,68.08333333333333,68.4,67.8,0.16891143669487757,0.6000000000000085,-0.004512364545707064,4.1,4.1,4.1,0.0,0.0,0.0,5084059921.066667,3368333824.0,305557.3160481872,1149554.8932348865,687.9333333333333,696.0,684.0,4.321278321016088,341.6333333333333,1828.1166666666666,0
28.83666666666667,48.9,19.9,6.014360404352762,0.07105862739649904,29.0,36.172531073446315,68.065,68.2,67.8,0.10548515840661106,0.4000000000000057,0.002414559599888767,4.1,4.1,4.1,0.0,0.0,0.0,5084747076.266666,3370918161.0666666,366272.8848479545,1436461.4046147305,685.65,689.0,684.0,1.6346357081334926,340.65,1837.9833333333333,0
30.626666666666672,45.8,20.9,7.2777083994910505,-0.04308974715198668,24.9,52.96503954802259,68.05,68.2,68.0,0.06764814252025397,0.20000000000000284,-0.0017949430397332692,4.1,4.1,4.1,0.0,0.0,0.0,5085468723.2,3373691835.733333,400262.6199124092,1335736.9178385932,688.0166666666667,689.0,684.0,1.6415336634871616,343.01666666666665,1856.9333333333334,0
25.576666666666668,42.4,20.4,5.186598332229613,-0.16527368713531537,22.0,26.900802259887005,67.975,68.1,67.7,0.11878623443617123,0.3999999999999915,-0.004187274242845209,4.1,4.1,4.1,0.0,0.0,0.0,5086257971.2,3376306073.6,403914.16552634136,1288279.6279214898,687.65,689.0,685.0,1.3254356495194135,342.65,1838.7,0
23.545,27.2,20.4,1.8241715091830744,0.04161989441511531,6.800000000000001,3.327601694915255,67.84833333333334,68.1,67.7,0.1282101911212377,0.3999999999999915,-0.0035982217282578017,4.1,4.1,4.1,0.0,0.0,0.0,5086886178.133333,3378657792.0,265161.7549307366,1081841.446957071,685.2833333333333,687.0,684.0,1.1060950807609697,340.28333333333336,1803.3166666666666,0
26.436666666666664,36.0,22.1,3.879322265929689,0.10370102806335095,13.899999999999999,15.049141242937859,67.91499999999999,68.1,67.7,0.11020012611884816,0.3999999999999915,0.004870797443734398,4.1,4.1,4.1,0.0,0.0,0.0,5087440128.0,3380876885.3333335,289022.7259733821,1159165.5973303642,686.2333333333333,689.0,684.0,2.0449745484858246,341.23333333333335,1817.9666666666667,0
27.568333333333328,39.2,22.0,4.123084729133737,-0.029272020005557085,17.200000000000003,16.999827683615823,67.99166666666666,68.2,67.8,0.09440566391128573,0.4000000000000057,0.0024256737982772157,4.1,4.1,4.1,0.0,0.0,0.0,5088029047.466666,3383272209.0666666,279513.1191603743,1158014.1511146976,688.1833333333333,689.0,688.0,0.39020492949942315,343.18333333333334,1837.8333333333333,0
26.105000000000008,33.4,21.5,3.0674024234062673,-0.04026951931091971,11.899999999999999,9.408957627118642,68.05333333333333,68.2,67.8,0.08329377592200024,0.4000000000000057,0.001367046401778267,4.1,4.1,4.1,0.0,0.0,0.0,5088589789.866667,3385599590.4,276895.26415495,1158503.120044301,687.4333333333333,688.0,687.0,0.49971743428090826,342.43333333333334,1834.6666666666667,0
25.591666666666665,38.5,20.8,3.6706020226986675,-0.006838010558488476,17.7,13.473319209039548,67.92833333333333,68.2,67.7,0.1975199339149958,0.5,-0.002447902195054137,4.1,4.1,4.1,0.0,0.0,0.0,5089145241.6,3388045806.9333334,280727.17125105107,1341612.1239224311,686.5333333333333,689.0,684.0,1.281771373181405,341.53333333333336,1824.1166666666666,0
26.28333333333334,38.5,20.8,3.294894183978572,0.007546540705751598,17.7,10.85632768361582,67.985,68.2,67.7,0.17254328859934662,0.5,0.004398444012225563,4.1,4.1,4.1,0.0,0.0,0.0,5089724211.2,3390733653.3333335,280090.86867674737,1285537.4172886508,688.0333333333333,689.0,685.0,1.3650189874716734,343.03333333333336,1834.0,0
26.421666666666667,35.6,21.3,3.103256445247758,-0.034356765768268946,14.3,9.63020056497175,67.74333333333333,68.1,67.0,0.3562358134750904,1.0999999999999943,-0.014909697138093885,4.1,4.1,4.1,0.0,0.0,0.0,5090282513.066667,3393166762.6666665,283581.7008404963,1221363.8452999669,688.4333333333333,690.0,686.0,0.870742264045728,343.43333333333334,1839.8166666666666,0
26.324999999999992,35.6,19.5,4.146864243117618,-0.034479021950541804,16.1,17.19648305084746,67.55666666666667,68.0,67.0,0.26320493186525207,1.0,0.008713531536537887,4.1,4.1,4.1,0.0,0.0,0.0,5090859281.066667,3395526536.5333333,292188.15126952116,1138082.1931632932,688.2,690.0,686.0,0.8596412337989947,343.2,1840.75,0
31.414999999999996,55.2,19.5,10.076063681916361,0.22681578216171164,35.7,101.52705932203389,68.03833333333333,68.7,67.5,0.4322160738141023,1.2000000000000028,0.02039177549319254,4.1,4.1,4.1,0.0,0.0,0.0,5091679812.266666,3398169429.3333335,597240.0182388665,1620508.074051047,688.7,692.0,686.0,2.1415976928373133,343.7,1868.0833333333333,0
33.135,55.2,19.1,10.0273832705366,-0.39330647402056124,36.1,100.54841525423728,67.95833333333333,68.7,67.3,0.5080009564473409,1.4000000000000057,-0.02158655181995004,4.1,4.1,4.1,0.0,0.0,0.0,5092806092.8,3401376529.0666666,516988.65991762036,1531789.991491597,690.5333333333333,692.0,686.0,1.6515700456896183,345.53333333333336,1890.75,0
26.503333333333334,39.2,18.1,5.6149910323869,0.006646290636287833,21.1,31.528124293785307,67.76833333333333,68.2,67.4,0.2819374054022844,0.7999999999999972,0.007766046123923353,4.1,4.1,4.1,0.0,0.0,0.0,5093553629.866667,3403969723.733333,292898.98083529546,1149053.777088708,691.55,693.0,689.0,1.58835806918094,346.55,1887.9333333333334,0
26.17333333333334,40.8,18.1,5.001419007681268,-0.01620450125034733,22.699999999999996,25.01419209039548,68.03666666666668,68.6,67.6,0.2869870762262717,1.0,0.0033342595165324306,4.1,4.1,4.1,0.0,0.0,0.0,5094126489.6,3406291643.733333,280321.79779935844,1177427.914551897,691.4833333333333,693.0,690.0,1.3465796805826948,346.48333333333335,1888.6166666666666,0
25.743333333333332,33.0,21.6,2.6948391774075118,0.034537371492081116,11.399999999999999,7.262158192090395,68.03333333333335,68.6,67.7,0.19629333520608178,0.8999999999999915,-0.007841066963045241,4.1,4.1,4.1,0.0,0.0,0.0,5094689553.066667,3408653875.2,284094.50846862455,1191691.2536190583,689.4166666666666,691.0,688.0,1.0299196392325163,344.4166666666667,1875.5666666666666,0
26.666666666666664,31.9,22.3,2.500553611019352,0.02136148930258405,9.599999999999998,6.2527683615819205,68.01666666666667,68.2,67.8,0.11668684248465694,0.4000000000000057,0.003917754931925457,4.1,4.1,4.1,0.0,0.0,0.0,5095279530.666667,3411106918.4,290296.40349171736,1199503.4341278258,688.0666666666667,689.0,686.0,0.9363953001762079,343.06666666666666,1861.0333333333333,0
26.378333333333337,43.3,21.4,4.513072975658139,-0.050094470686301754,21.9,20.36782768361581,68.17333333333333,68.7,67.9,0.14126146771107526,0.7999999999999972,0.0020894692970270024,4.1,4.1,4.1,0.0,0.0,0.0,5095851673.6,3413590442.6666665,280187.9992467043,1304438.007478052,689.6166666666667,691.0,686.0,1.8048115227824657,344.6166666666667,1874.5833333333333,0
24.335,38.5,19.6,3.8477299052465748,-0.021014170602945255,18.9,14.805025423728814,68.15833333333335,68.3,67.8,0.16081536593529863,0.5,0.0011530980828007708,4.1,4.1,4.1,0.0,0.0,0.0,5096413986.133333,3416208196.266667,283089.40296779014,1281388.6861499178,689.0166666666667,691.0,686.0,1.8910284769312626,344.01666666666665,1868.0166666666667,0
30.361666666666668,49.8,19.6,8.774193510027713,0.3528619060850236,30.199999999999996,76.98647175141242,68.36333333333333,68.9,67.8,0.2834213887761825,1.1000000000000085,0.012709085857182606,4.1,4.1,4.1,0.0,0.0,0.0,5097004885.333333,3418715340.8,318536.6894353449,1264805.1488296234,687.9166666666666,690.0,686.0,0.9259290646525583,342.9166666666667,1874.2333333333333,0
30.74333333333333,49.8,20.0,8.272076095990238,-0.18816337871631006,29.799999999999997,68.4272429378531,68.555,68.9,68.0,0.24316068482398276,0.9000000000000057,-0.0012253403723257112,4.1,4.1,4.1,0.0,0.0,0.0,5097667857.066667,3421249655.4666667,340860.4430635608,1258348.114131871,688.2833333333333,690.0,686.0,1.1363287103004605,343.28333333333336,1875.0333333333333,0
25.788333333333338,35.3,16.7,4.971344723672049,-0.051161433731592106,18.599999999999998,24.714268361581922,68.55499999999999,68.9,68.0,0.23319810447815278,0.9000000000000057,0.002703528757988371,4.1,4.1,4.1,0.0,0.0,0.0,5098291080.533334,3423572036.266667,302303.57884499215,1098412.5503967444,688.25,689.0,686.0,1.067628450573783,343.25,1858.2333333333333,0
24.77333333333333,35.1,16.3,5.153996858343941,-0.01904417893859407,18.8,26.563683615819212,68.56833333333333,68.9,68.1,0.27462866557372223,0.8000000000000114,-0.0003695470964156812,4.1,4.1,4.1,0.0,0.0,0.0,5098898534.4,3425778892.8,305516.4724071494,1105508.407827847,686.4666666666667,689.0,684.0,1.8176784100219396,341.46666666666664,1843.7,0
24.726666666666667,35.1,16.3,5.4407086610535655,0.008802445123645466,18.8,29.601310734463283,68.63333333333334,68.9,68.1,0.20639493709027235,0.8000000000000114,-0.005518199499861014,4.1,4.1,4.1,0.0,0.0,0.0,5099464755.2,3427959022.9333334,268544.73336572404,1084680.0085704862,685.1166666666667,686.0,684.0,0.6131791749276648,340.1166666666667,1842.1333333333334,0
27.451666666666664,39.4,16.8,4.5754870692532785,0.12813281467074186,22.599999999999998,20.935081920903958,68.60666666666665,68.9,68.2,0.17356351513296392,0.7000000000000028,0.0014059460961377487,4.1,4.1,4.1,0.0,0.0,0.0,5100060160.0,3430391330.133333,308353.6521052476,1278930.2674358392,685.8,688.0,684.0,1.246010582973257,340.8,1851.3833333333334,0
27.05833333333333,40.0,20.3,5.665485503352786,-0.13880244512364548,19.7,32.09772598870057,68.705,68.8,68.5,0.08522154577574152,0.29999999999999716,0.002381217004723556,4.1,4.1,4.1,0.0,0.0,0.0,5102223633.066667,3433121655.4666667,1616666.348623442,1379642.6639667498,687.4166666666666,688.0,686.0,0.849559540249757,342.4166666666667,1865.3333333333333,0
24.695000000000004,30.0,20.3,2.8409490536480466,0.09599611003056405,9.7,8.070991525423732,68.63333333333334,68.8,68.4,0.12441955629522379,0.3999999999999915,-0.00459572103362052,4.1,4.1,4.1,0.0,0.0,0.0,5104061388.8,3435892889.6,335601.73268359405,1400854.212689386,686.3,688.0,684.0,1.6082414862097365,341.3,1844.7166666666667,0
25.645000000000003,34.6,20.2,3.6395857931587097,-0.06639899972214505,14.400000000000002,13.246584745762714,68.535,68.7,68.4,0.08986807657027181,0.29999999999999716,0.00048624617949432996,4.1,4.1,4.1,0.0,0.0,0.0,5104698350.933333,3438551688.5333333,282325.1118813963,1210874.7982239174,684.1666666666666,686.0,683.0,0.7847414918554696,339.1666666666667,1823.5166666666667,0
24.02833333333334,32.6,19.4,3.0718564842594787,-0.004342873020283416,13.200000000000003,9.436302259887004,68.63166666666665,68.8,68.4,0.09998587470859581,0.3999999999999915,0.004237288135593291,4.1,4.1,4.1,0.0,0.0,0.0,5105273395.2,3441390813.866667,277946.0592612793,1594031.252571828,684.0333333333333,686.0,683.0,1.0887197685645635,339.03333333333336,1819.2166666666667,0
24.63,30.7,19.4,2.2814877691274096,0.06381217004723533,11.3,5.205186440677964,68.74,68.9,68.5,0.08067511745433731,0.4000000000000057,0.0022283967768823997,4.1,4.1,4.1,0.0,0.0,0.0,5105825928.533334,3444440422.4,271666.3372175549,1440295.7021503088,685.3833333333333,686.0,683.0,1.194502473079102,340.3833333333333,1826.0666666666666,0
24.735000000000003,30.7,20.3,2.3018654925435396,-0.04439844401222562,10.399999999999999,5.298584745762712,68.76833333333333,68.9,68.6,0.06762726024084945,0.30000000000001137,-0.0003250903028618769,4.1,4.1,4.1,0.0,0.0,0.0,5106385134.933333,3446965009.0666666,289793.157059837,1153027.6278876404,685.0,686.0,683.0,1.0084389681792214,340.0,1828.2833333333333,0
25.204999999999995,31.3,20.5,2.592585582001104,0.032189497082522917,10.8,6.721500000000002,68.74833333333332,68.9,68.6,0.06507275372101627,0.30000000000001137,-0.001408724645734947,4.1,4.1,4.1,0.0,0.0,0.0,5106974873.6,3449357943.4666667,303882.89185854455,1215944.0171215436,683.9833333333333,685.0,683.0,0.34403718101522685,338.98333333333335,1827.9333333333334,0
25.470000000000006,31.3,21.4,2.264561168998443,-0.004940261183662153,9.900000000000002,5.128237288135594,68.74666666666667,68.9,68.6,0.0769474103190114,0.30000000000001137,0.0004723534315087548,4.1,4.1,4.1,0.0,0.0,0.0,5107601049.6,3451768729.6,305675.13143289107,1131566.541213255,684.2166666666667,686.0,683.0,0.975838043430184,339.21666666666664,1824.4166666666667,1
25.631666666666664,30.1,22.0,1.9805402162093548,0.01652959155320926,8.100000000000001,3.922539548022598,68.76333333333334,68.9,68.6,0.06880743620304518,0.30000000000001137,0.00016115587663242782,4.1,4.1,4.1,0.0,0.0,0.0,5108175325.866667,3454095462.4,277629.7518482195,1214853.7391155742,685.3833333333333,686.0,683.0,1.194502473079102,340.3833333333333,1830.2,1
25.033333333333335,30.5,20.6,2.3244220471135066,-0.04358432898027229,9.899999999999999,5.402937853107344,68.74833333333332,68.8,68.6,0.056723135705755566,0.20000000000000284,-0.0012531258682966998,4.1,4.1,4.1,0.0,0.0,0.0,5108733422.933333,3456495274.6666665,278354.8010512243,1181597.4500906966,684.8166666666667,686.0,683.0,1.28210191121239,339.81666666666666,1826.4333333333334,1
24.533333333333335,30.5,20.6,2.3580131443019066,0.031942206168380095,9.899999999999999,5.560225988700564,68.66333333333333,68.8,68.5,0.08227005276478884,0.29999999999999716,-0.0024451236454570606,4.1,4.1,4.1,0.0,0.0,0.0,5109290871.466666,3458788676.266667,276680.0008482826,1128614.562001795,683.6833333333333,685.0,683.0,0.6507275372101721,338.68333333333334,1825.15,1
25.208333333333336,32.9,21.6,2.7873984995834786,0.04219227563212001,11.299999999999997,7.769590395480227,68.66333333333334,68.8,68.5,0.09909192217102321,0.29999999999999716,-0.000222283967768827,4.1,4.1,4.1,0.0,0.0,0.0,5109848746.666667,3461066052.266667,282997.63920454285,1155685.8413324093,684.15,686.0,683.0,1.0222109636651762,339.15,1823.4166666666667,1
26.525000000000002,34.7,21.9,3.3659121210720384,0.07687413170325094,12.800000000000004,11.329364406779668,68.67666666666668,68.9,68.5,0.14304991029762562,0.4000000000000057,0.002622950819672214,4.1,4.1,4.1,0.0,0.0,0.0,5110452753.066667,3463499076.266667,303966.31846051,1221151.6276537569,685.7833333333333,688.0,683.0,1.3789171220122447,340.78333333333336,1838.8666666666666,1
26.244999999999997,34.7,22.0,3.1778590490443754,-0.05574048346762989,12.700000000000003,10.098788135593221,68.67666666666668,68.9,68.4,0.16402425065294426,0.5,-0.00492914698527363,4.1,4.1,4.1,0.0,0.0,0.0,5111038873.6,3466022109.866667,284260.8857283948,1291647.2269647827,686.3333333333334,688.0,684.0,0.985774524132866,341.3333333333333,1849.7666666666667,1
29.426666666666666,45.1,19.6,8.469263803810286,0.215415393164768,25.5,71.72842937853108,68.77666666666667,69.1,68.4,0.2553606068837196,0.6999999999999886,0.009636010002778542,4.1,4.1,4.1,0.0,0.0,0.0,5111660629.333333,3468482542.9333334,368391.78887970437,1219033.9069848612,687.0333333333333,690.0,684.0,1.8773102528113816,342.03333333333336,1865.5833333333333,1
27.771666666666665,45.1,15.7,10.110375467330355,-0.43594053903862184,29.400000000000002,102.2196920903955,68.96166666666666,69.1,68.8,0.08252717408997094,0.29999999999999716,-0.002420116699082955,4.1,4.1,4.1,0.0,0.0,0.0,5112420266.666667,3470953676.8,386369.33273583505,1241966.981504671,688.6333333333333,690.0,687.0,0.9909192217102271,343.6333333333333,1864.7833333333333,1
22.353333333333328,39.8,15.7,6.694735261829903,0.11588218949708248,24.099999999999998,44.8194802259887,68.77833333333335,69.2,68.3,0.27867219468471566,0.9000000000000057,-0.00906640733537101,4.1,4.1,4.1,0.0,0.0,0.0,5113093632.0,3473313450.6666665,314430.46384346025,1136425.683546244,687.8666666666667,689.0,687.0,0.6500760494407537,342.8666666666667,1844.7666666666667,1
29.868333333333336,48.7,15.7,9.958804837193604,0.2823478744095582,33.0,99.17779378531074,68.9,69.7,68.3,0.42426406871192873,1.4000000000000057,0.01737149208113368,4.1,4.1,4.1,0.0,0.0,0.0,5114746419.2,3475816857.6,1521119.4147791492,1355420.2510991697,687.55,688.0,687.0,0.501692052213544,342.55,1866.9166666666667,0
27.351666666666674,48.7,19.4,8.335679726163615,-0.2767240900250069,29.300000000000004,69.48355649717513,68.88666666666667,69.7,68.4,0.37528143864583874,1.2999999999999972,-0.016465684912475652,4.1,4.1,4.1,0.0,0.0,0.0,5116815735.466666,3478418722.133333,474037.00244642154,1214963.488987799,687.2666666666667,688.0,685.0,1.0555208637375721,342.26666666666665,1867.7,0
23.038333333333338,31.3,18.4,3.2434597382187946,-0.00475409836065575,12.900000000000002,10.520031073446331,68.71166666666667,68.9,68.4,0.12499717510932362,0.5,0.004737427063073102,4.1,4.1,4.1,0.0,0.0,0.0,5117481216.0,3481006830.9333334,334515.9562413545,1320630.086662178,690.9166666666666,694.0,685.0,3.756538555759006,345.9166666666667,1850.8666666666666,0
22.55666666666667,30.4,18.4,2.7453113599875762,-0.01651569880522368,12.0,7.536734463276836,68.75999999999999,68.9,68.6,0.08868149062606734,0.30000000000001137,-0.0027729924979161347,4.1,4.1,4.1,0.0,0.0,0.0,5118121335.466666,3483495748.266667,303189.47568646376,1187094.530652015,690.2833333333333,694.0,685.0,4.218971144026028,345.28333333333336,1840.8,0
24.169999999999998,34.5,20.0,3.4311780849800635,0.05126424006668521,14.5,11.772983050847456,68.92999999999999,69.2,68.6,0.23310723508902048,0.6000000000000085,0.010714087246457366,4.1,4.1,4.1,0.0,0.0,0.0,5118713139.2,3485891362.133333,296137.8845251147,1199721.1638455682,686.3666666666667,693.0,685.0,1.583459703550539,341.3666666666667,1843.4666666666667,0
25.40500000000001,34.2,20.1,2.880349849278259,0.0017699360933592435,14.100000000000001,8.296415254237289,69.11666666666666,69.3,69.0,0.07847414918554822,0.29999999999999716,0.0013281467074186732,4.1,4.1,4.1,0.0,0.0,0.0,5119297228.8,3488266990.9333334,286074.02213903796,1187471.7707368357,687.5666666666667,688.0,687.0,0.49971743428090826,342.56666666666666,1858.3333333333333,0
25.68666666666666,31.1,22.6,2.1663424355402814,0.024601278132814687,8.5,4.693039548022599,68.97166666666666,69.3,68.7,0.17182141563278996,0.5999999999999943,-0.0060155598777436965,4.1,4.1,4.1,0.0,0.0,0.0,5119896132.266666,3490681070.9333334,316549.4197054544,1209632.3719311547,687.4166666666666,689.0,686.0,0.849559540249757,342.4166666666667,1840.4833333333333,0
25.35166666666667,35.8,20.6,3.3640921240669126,-0.0594637399277577,15.199999999999996,11.317115819209032,68.98,69.2,68.7,0.12185014414073589,0.5,0.005307029730480587,4.1,4.1,4.1,0.0,0.0,0.0,5120538675.2,3493144200.5333333,300000.2437755394,1170141.9615703807,687.0666666666667,688.0,686.0,0.7561424551163481,342.06666666666666,1838.2166666666667,0
23.441666666666663,26.5,20.1,1.4865831219716819,0.0036537927202000466,6.399999999999999,2.2099293785310725,69.01333333333334,69.2,68.8,0.10651118611845972,0.4000000000000057,-0.003139761044734509,4.1,4.1,4.1,0.0,0.0,0.0,5121102865.066667,3495365410.133333,266712.62922096805,1060371.1025273015,686.7333333333333,688.0,685.0,1.1329677043980733,341.73333333333335,1838.4,1
25.47333333333334,35.4,19.5,4.3414777874050055,0.119949986107252,15.899999999999999,18.848429378531065,68.95,69.2,68.8,0.09829047232134155,0.4000000000000057,0.0017393720477909683,4.1,4.1,4.1,0.0,0.0,0.0,5121665860.266666,3497524855.4666667,306596.4905477538,1109309.1145566644,685.95,687.0,685.0,0.8911048179704617,340.95,1838.45,1
26.37166666666667,35.4,19.5,4.48296556154391,-0.08396499027507641,15.899999999999999,20.096980225988702,68.845,69.2,68.6,0.17016940711727327,0.6000000000000085,-0.007716032231175321,4.1,4.1,4.1,0.0,0.0,0.0,5122296132.266666,3499850069.3333335,322885.8509875088,1208047.5350761162,686.6666666666666,687.0,685.0,0.6552698154756149,341.6666666666667,1849.3666666666666,1
24.415000000000006,31.0,20.7,2.0994611899569837,-0.015340372325646005,10.3,4.407737288135594,68.65333333333335,68.9,68.5,0.10651118611846333,0.4000000000000057,-0.0011447624340095144,4.1,4.1,4.1,0.0,0.0,0.0,5122886638.933333,3502200524.8,277883.52104481956,1140444.422024148,686.9666666666667,688.0,685.0,0.6369063647932277,341.96666666666664,1836.45,1
25.365000000000002,32.3,21.5,2.855314699625648,0.08448735759933314,10.799999999999997,8.152822033898305,68.795,69.2,68.5,0.18814437298188344,0.7000000000000028,0.009010836343428773,4.1,4.1,4.1,0.0,0.0,0.0,5123463918.933333,3504562124.8,283507.07283329626,1155738.8019320874,686.6333333333333,688.0,685.0,1.0078785685981957,341.6333333333333,1834.9333333333334,1
27.663333333333338,36.6,21.9,3.9198307930735585,0.057232564601278124,14.700000000000003,15.365073446327683,68.29666666666668,69.2,66.9,0.7832930630350747,2.299999999999997,-0.024317866073909424,4.1,4.1,4.1,0.0,0.0,0.0,5124124450.133333,3506961834.6666665,410256.7899413718,1260288.3553388356,686.5333333333333,689.0,685.0,1.3336157892910268,341.53333333333336,1852.45,1
26.908333333333324,36.6,23.0,3.586806882983695,-0.07297860516810221,13.600000000000001,12.86518361581921,68.05,68.4,67.1,0.41354195573429076,1.3000000000000114,0.016876910252847998,4.1,4.1,4.1,0.0,0.0,0.0,5124890214.4,3509410338.133333,366198.6722809244,1177617.6495931104,688.1333333333333,689.0,686.0,1.1856009942278747,343.1333333333333,1867.25,1
31.39833333333333,49.1,23.3,8.52735362741605,0.3756849124756877,25.8,72.71575988700566,68.65166666666666,69.8,68.0,0.5555548964214555,1.7999999999999972,0.024115031953320414,4.1,4.1,4.1,0.0,0.0,0.0,5125541956.266666,3511838225.0666666,330067.92918098846,1268073.9904229492,689.3333333333334,692.0,687.0,1.5694829837109394,344.3333333333333,1884.3666666666666,1
32.72166666666667,49.1,24.3,8.170826393627653,-0.13328980272297863,24.8,66.76240395480228,69.21166666666667,69.8,68.4,0.45139770381078537,1.3999999999999915,0.006082245068074404,4.1,4.1,4.1,0.0,0.0,0.0,5126254370.133333,3514504413.866667,366752.7782016463,1337443.4286742175,690.1833333333333,692.0,688.0,1.2952542668600666,345.18333333333334,1895.8,1
33.443333333333335,60.2,18.2,11.64832666627674,0.4102306196165602,42.0,135.6835141242938,69.06666666666666,70.4,66.8,0.7666052542340225,3.6000000000000085,-0.017982772992497946,4.1,4.1,4.1,0.0,0.0,0.0,5126944204.8,3516850619.733333,498326.84890863905,1261092.4165137154,690.75,693.0,688.0,1.4915013480337322,345.35,1920.8166666666666,1
46.001666666666665,60.2,18.2,13.838150308289123,0.5133898305084746,42.0,191.49440395480232,69.13500000000002,70.4,66.8,0.8194303519487893,3.6000000000000085,0.012622950819672143,4.1,4.1,4.1,0.0,0.0,0.0,5130422545.066667,3520619025.0666666,3881650.0492899935,3433193.227419064,691.95,693.0,691.0,0.8522154577574137,345.51666666666665,1962.6666666666667,0
48.85166666666666,60.0,33.4,8.786304667920076,-0.34581550430675184,26.6,77.1991497175141,69.35999999999999,70.3,68.7,0.40219735437271037,1.5999999999999943,-0.0009502639622116966,4.1,4.1,4.1,0.0,0.0,0.0,5139342830.933333,3528746461.866667,5508436.038619857,5139940.425074283,690.75,693.0,689.0,1.3731690428854646,343.68333333333334,1954.9333333333334,0
33.46166666666667,57.7,19.7,10.367028760003247,-0.36197554876354543,38.0,107.47528531073448,69.205,70.1,68.7,0.2714836824387579,1.3999999999999915,-0.000302861906085021,4.1,4.1,4.1,0.0,0.0,0.0,5149316044.8,3537924369.0666666,4540660.735631805,4072588.3260620814,689.65,692.0,689.0,0.9535837844145134,342.65,1914.9,0
24.558333333333337,38.3,20.0,5.1413673465422,-0.1802139483189775,18.299999999999997,26.433658192090384,69.18666666666667,69.5,68.9,0.13587964099215794,0.5999999999999943,0.0018838566268407496,4.1,4.1,4.1,0.0,0.0,0.0,5158071842.133333,3545794269.866667,4288658.339618129,3852779.4805821804,690.5,692.0,689.0,0.9829047232134223,343.5,1906.3166666666666,0
23.038333333333334,59.8,18.8,7.343510721549612,0.0805640455682134,41.0,53.92714971751411,69.22,69.6,68.9,0.21296932221188447,0.6999999999999886,0.004378994165045896,4.1,4.1,4.1,0.0,0.0,0.0,5166834534.4,3553657941.3333335,4268801.8661396075,3814505.5356150763,689.3333333333334,691.0,687.0,1.3612888542233674,342.3333333333333,1914.9333333333334,0
25.213333333333335,59.8,18.0,10.502823940943847,-0.16184495693248122,41.8,110.30931073446324,69.55999999999999,69.9,68.9,0.27568097504180317,1.0,0.012814670741872695,4.1,4.1,4.1,0.0,0.0,0.0,5175381640.533334,3561116689.0666666,4521025.529340115,3877935.791497527,690.05,693.0,687.0,2.003598457690816,342.78333333333336,1931.45,0
21.168333333333333,29.4,17.7,2.934164141461678,0.01031675465407057,11.7,8.609319209039546,69.625,69.9,69.4,0.17036849394419395,0.5,-0.007176993609335907,4.1,4.1,4.1,0.0,0.0,0.0,5185126502.4,3569065181.866667,4808673.82179772,3861186.2578075686,692.0,693.0,690.0,0.9388055880763545,344.1333333333333,1912.3,0
21.325000000000003,29.4,17.7,3.308009027922015,0.022542372881355938,11.7,10.942923728813556,69.59,69.9,69.4,0.13491993859510917,0.5,0.006035009724923529,4.1,4.1,4.1,0.0,0.0,0.0,5194159547.733334,3576729924.266667,4259397.481543731,3833529.758063788,691.7333333333333,693.0,690.0,0.9363953001762078,343.73333333333335,1909.5166666666667,0
21.863333333333333,28.3,18.0,2.424798902489467,0.009713809391497633,10.3,5.879649717514124,69.64,69.9,69.3,0.13302223593909965,0.6000000000000085,-0.0035621005834954294,4.1,4.1,4.1,0.0,0.0,0.0,5202655163.733334,3584407637.3333335,4207263.62631175,3811326.187426898,691.5666666666667,693.0,689.0,1.332344265922983,344.01666666666665,1918.6333333333334,0
21.835,24.7,19.2,1.233133668370058,0.012867463184217833,5.5,1.5206186440677965,69.51833333333335,69.8,69.3,0.12418093233182663,0.5,-0.00019171992220053325,4.1,4.1,4.1,0.0,0.0,0.0,5211338530.133333,3592273032.5333333,4235107.685006174,3835616.2377962973,690.1333333333333,692.0,689.0,0.6756457467795111,343.1333333333333,1903.2833333333333,0
23.496666666666666,34.1,19.9,3.709308796987982,0.056443456515698806,14.200000000000003,13.75897175141243,69.64999999999999,69.9,69.4,0.14671545156803717,0.5,0.006835232008891275,4.1,4.1,4.1,0.0,0.0,0.0,5219841194.666667,3599938201.6,4226059.092586325,3785948.613079235,689.9333333333333,691.0,689.0,0.4061671471357936,342.93333333333334,1949.3833333333334,1
22.745000000000005,34.1,19.6,3.3959310148510258,-0.07869130313976104,14.5,11.532347457627118,69.75666666666667,69.9,69.6,0.0721736762817482,0.30000000000001137,-0.0012670186162822585,4.1,4.1,4.1,0.0,0.0,0.0,5228445337.6,3607683328.0,4287825.340640397,3886754.4315320505,688.9666666666667,691.0,687.0,1.1194227729650532,341.96666666666664,1960.6666666666667,1
23.42333333333333,41.3,19.6,5.435456934830363,0.15915532092247847,21.699999999999996,29.54419209039548,69.74,69.8,69.6,0.0558448213158247,0.20000000000000284,0.0004167824395665383,4.1,4.1,4.1,0.0,0.0,0.0,5237182464.0,3615611392.0,4232391.218988294,3845846.9946153075,688.8666666666667,692.0,687.0,1.6820756615186625,341.8666666666667,1911.4666666666667,1
31.0,46.5,20.2,7.611031244855686,0.23735482078355097,26.3,57.92779661016949,69.73166666666667,69.9,69.5,0.0982761013186606,0.4000000000000057,-0.0014976382328424674,4.1,4.1,4.1,0.0,0.0,0.0,5245493384.533334,3623145676.8,4351748.917621954,3931416.5932292817,691.1333333333333,692.0,688.0,1.5122849102326963,344.1333333333333,1924.4666666666667,1
32.64000000000001,40.1,28.4,2.798498386695798,-0.07460405668241178,11.700000000000003,7.831593220338983,69.61166666666666,69.9,69.4,0.16270141797915919,0.5,-0.007832731314253895,4.1,4.1,4.1,0.0,0.0,0.0,5254091042.133333,3630844740.266667,4255480.901207598,3787393.7091068886,691.3666666666667,692.0,690.0,0.8018340558415715,344.3666666666667,1914.0833333333333,1
35.25666666666667,55.8,28.9,6.00912770867861,0.161561544873576,26.9,36.10961581920905,69.58333333333333,70.0,69.4,0.19059822563659568,0.5999999999999943,0.007841066963045228,4.1,4.1,4.1,0.0,0.0,0.0,5263183564.8,3638522129.0666666,5211932.190057307,3962154.0423462517,691.35,693.0,690.0,1.0054933859317736,344.35,1909.75,1
30.631666666666668,55.8,17.8,10.098153744103326,-0.4352792442345096,38.0,101.97270903954804,69.70666666666668,70.3,69.2,0.21852096565176177,1.0999999999999943,-0.0014226173937205075,4.1,4.1,4.1,0.0,0.0,0.0,5275998907.733334,3646535560.5333333,7343508.274852438,3974099.3179127807,691.1166666666667,693.0,689.0,1.208608482212845,344.1166666666667,1907.25,1
23.533333333333328,47.4,17.8,6.071820620680218,0.17525979438732983,29.599999999999998,36.86700564971751,69.83666666666666,70.4,69.2,0.2773767349785209,1.2000000000000028,0.007563212003334362,4.1,4.1,4.1,0.0,0.0,0.0,5287125367.466666,3654090564.266667,4248157.493797219,3866551.9073620113,689.4,691.0,688.0,0.9057256665518801,342.4,1887.2666666666667,1
29.82,58.6,19.0,11.250428240436909,0.023523200889135853,39.6,126.57213559322031,70.15666666666668,70.6,69.3,0.39760582928350624,1.2999999999999972,0.013148096693525848,4.1,4.1,4.1,0.0,0.0,0.0,5296233403.733334,3662521753.6,4795828.655695082,4493736.576130671,692.2,695.0,688.0,3.007335664107046,345.2,1929.7333333333333,1
25.935000000000006,49.2,18.9,7.9061620464726605,0.047154765212559055,30.300000000000004,62.50739830508476,70.47333333333334,70.6,70.1,0.14364110958072399,0.5,-0.0032342317310363458,4.1,4.1,4.1,0.0,0.0,0.0,5305539720.533334,3671146240.0,4259376.80283954,3880598.648353461,694.7166666666667,696.0,693.0,0.6661721329614915,347.71666666666664,1944.7833333333333,1
25.899999999999995,49.2,17.6,7.7375816306857415,-0.10916365657126978,31.6,59.870169491525424,70.53999999999999,71.5,70.1,0.32059267149601167,1.4000000000000057,0.007579883300916922,4.1,4.1,4.1,0.0,0.0,0.0,5314158387.2,3679056384.0,4358542.987929784,4007155.011165411,694.3166666666667,696.0,690.0,1.567591985424894,347.31666666666666,1921.5833333333333,0
